STATE,year,total_damage,event_count,home_value,disaster_count,population,housing_units,exposure,damage_per_capita,risk_score,norm_damage,norm_events,norm_fema,norm_exposure,risk_score_norm,next_risk
ALABAMA,2015,9036000.0,56,119521.78121055487,0.0,5024279.0,2288330.0,273505277597.549,1.7984670039223538,54705573530.7098,0.00048666376215938375,0.06363636363636363,0.0,0.030882470525871203,0.02218667938989784,0.03678556110189933
ALABAMA,2016,2018000.0,93,120566.09109649732,39.0,5024279.0,2288330.0,275895003238.8477,0.4016496695346735,55180009670.26955,0.00010868608588287256,0.10568181818181818,0.06260032102728733,0.03115230309484605,0.03678556110189933,0.049149328594165785
ALABAMA,2017,2242000.0,92,123490.21804950414,116.0,5024279.0,2288330.0,282586370669.2218,0.44623318092008823,56518395163.84436,0.00012075034913250757,0.10454545454545454,0.18619582664526485,0.031907849602984636,0.049149328594165785,0.033091049691032846
ALABAMA,2018,381000.0,83,127527.91027023584,27.0,5024279.0,2288330.0,291825942908.6888,0.07583177606179911,58365379101.037766,2.0520019187995265e-05,0.09431818181818181,0.04333868378812199,0.03295112313636363,0.033091049691032846,0.05066647388291523
ALABAMA,2019,270000.0,168,134066.31098622453,13.0,5024279.0,2288330.0,306787961419.1072,0.053739053902062364,61357727318.72144,1.4541745881256487e-05,0.19090909090909092,0.02086677367576244,0.03464053878389436,0.05066647388291523,0.0837766649114958
ALABAMA,2020,805000.0,123,144255.58569397617,278.0,5024279.0,2288330.0,330104384411.0965,0.16022199404133408,66021279434.6193,4.3355946053375824e-05,0.13977272727272727,0.4462279293739968,0.03727328047043104,0.0837766649114958,0.03835025548447986
ALABAMA,2021,3659000.0,105,163092.66553416397,11.0,5024279.0,2288330.0,373209839321.79346,0.7282636971394304,74643797386.4587,0.00019706758585006477,0.11931818181818182,0.01765650080256822,0.04214047335415549,0.03835025548447986,0.044874905733276266
ALABAMA,2022,262000.0,136,180096.17456743625,0.0,5024279.0,2288330.0,412119479147.90137,0.052146785638297555,82424026856.78027,1.4110879336626665e-05,0.15454545454545454,0.0,0.04653390157483568,0.044874905733276266,0.042686838583858244
ALABAMA,2023,14980000.0,108,182246.47495801628,23.0,5024279.0,2288330.0,417040076040.67737,2.9815223238996085,83415505232.03548,0.0008067976048193414,0.12272727272727273,0.03691813804173355,0.04708950397434203,0.042686838583858244,0.03776172351756173
ALABAMA,2025,8993000.0,102,185591.82377714,0.0,5024279.0,2288330.0,424695338103.9428,1.789908562004618,84943564141.18857,0.0004843478544819985,0.1159090909090909,0.0,0.04795388731316917,0.03776172351756173,
ALASKA,2015,17680300.0,11,264465.63796325505,3.0,733391.0,326200.0,86268691103.6138,24.107604265664563,17262578373.22276,0.0009522312211273299,0.0125,0.004815409309791332,0.009740910061096076,0.006284706437758888,0.005636976278592175
ALASKA,2016,148000.0,11,269081.24571585323,1.0,733391.0,326200.0,87774302352.51132,0.20180231281812838,17554934472.802265,7.971031075651704e-06,0.0125,0.0016051364365971107,0.00991091407500734,0.005636976278592175,0.0044475332615520734
ALASKA,2017,6180000.0,5,273085.32635767426,1.0,733391.0,326200.0,89080433457.87334,8.426610089297524,17819176692.674667,0.0003328444057265374,0.005681818181818182,0.0016051364365971107,0.010058394064127037,0.0044475332615520734,0.006512207009342767
ALASKA,2018,3400000.0,11,283843.3534615588,5.0,733391.0,326200.0,92589701899.16049,4.635999078254301,18519640382.5321,0.00018311828146767427,0.0125,0.008025682182985553,0.010454638261523803,0.006512207009342767,0.006710027434818421
ALASKA,2019,7900000.0,10,299014.2749923335,6.0,733391.0,326200.0,97538456502.49919,10.771880211237935,19511641303.09984,0.0004254807128219491,0.011363636363636364,0.009630818619582664,0.011013420050013673,0.006710027434818421,0.026722976076689282
ALASKA,2020,9574000.0,16,312967.53663499426,121.0,733391.0,326200.0,102090010450.33513,13.054427992707847,20422789105.367027,0.0005156395372857393,0.01818181818181818,0.1942215088282504,0.011527352475287706,0.026722976076689282,0.005989586367186219
ALASKA,2021,5855740.0,6,334599.19562288705,5.0,733391.0,326200.0,109146257612.18576,7.98447213014613,21832179394.137154,0.00031538030750632914,0.006818181818181818,0.008025682182985553,0.01232409887416256,0.005989586367186219,0.015548349194461427
ALASKA,2022,583000.0,40,350837.8219717543,16.0,733391.0,326200.0,114443297527.18625,0.7949374890065463,22888951015.03725,3.139939943989827e-05,0.045454545454545456,0.025682182985553772,0.01292220681740333,0.015548349194461427,0.016049331992981843
ALASKA,2023,7000000.0,46,332889.06330738484,11.0,733391.0,326200.0,108588412450.86894,9.544703984641208,21721182500.47379,0.0003770082265510941,0.05227272727272727,0.01765650080256822,0.012261110558530434,0.016049331992981843,0.01218130840154299
ALASKA,2025,19080000.0,22,351231.8667289313,18.0,733391.0,326200.0,114571834926.9774,26.016136003850605,22923906991.59548,0.0010276167089421251,0.025,0.028892455858747994,0.012936720440304469,0.01218130840154299,
AMERICAN SAMOA,2023,10000.0,1,,0.0,,,,,,5.385831807872773e-07,0.0011363636363636363,0.0,,,
AMERICAN SAMOA,2025,105000.0,8,,0.0,,,,,,5.655123398266412e-06,0.00909090909090909,0.0,,,
ARIZONA,2015,559000.0,16,175788.98545453371,2.0,7151502.0,3082000.0,541781653170.8729,0.0781653979821302,108356610137.57458,3.0106799806008802e-05,0.01818181818181818,0.0032102728731942215,0.06117452680429445,0.022321791684893795,0.02691443885577442
ARIZONA,2016,185000.0,32,186563.45978909454,1.0,7151502.0,3082000.0,574988583069.9894,0.025868691639882084,114997809120.49788,9.96378884456463e-06,0.03636363636363636,0.0016051364365971107,0.06492404141283203,0.02691443885577442,0.03020892436764954
ARIZONA,2017,1750000.0,40,197306.38924372,3.0,7151502.0,3082000.0,608098291649.145,0.24470383983672242,121620533338.12901,9.425205663777352e-05,0.045454545454545456,0.004815409309791332,0.06866257841035402,0.03020892436764954,0.028963537160911178
ARIZONA,2018,53325000.0,23,210205.2330631035,4.0,7151502.0,3082000.0,647852528300.485,7.456475576738985,129597168165.097,0.002871994811548156,0.026136363636363635,0.006420545746388443,0.07315137311460114,0.028963537160911178,0.029599027808423467
ARIZONA,2019,9576000.0,24,226218.1193405599,2.0,7151502.0,3082000.0,697204243807.6056,1.339019411586545,139445636766.52112,0.0005157472539218967,0.02727272727272727,0.0032102728731942215,0.07872385388329944,0.029599027808423467,0.04714031923520019
ARIZONA,2020,2046000.0,39,241676.4046029441,81.0,7151502.0,3082000.0,744846678986.2737,0.28609374646053376,148970358813.15472,0.00011019411878907693,0.04431818181818182,0.13001605136436598,0.08410333362537199,0.04714031923520019,0.043266899881644325
ARIZONA,2021,18335000.0,48,293857.50043503236,8.0,7151502.0,3082000.0,905668816340.7698,2.563797087660746,181142930778.55396,0.0009874922619734728,0.05454545454545454,0.012841091492776886,0.10226234306162114,0.043266899881644325,0.04727523493062696
ARIZONA,2022,23035000.0,43,346778.8567859394,5.0,7151502.0,3082000.0,1068772436614.2653,3.2210016860793718,213766004831.95306,0.0012406263569434933,0.048863636363636366,0.008025682182985553,0.12067896298941244,0.04727523493062696,0.059284242906476395
ARIZONA,2023,822000.0,102,342564.2939206741,2.0,7151502.0,3082000.0,1055783153863.5177,0.11494088934044903,211157041793.30356,4.4271537460714196e-05,0.1159090909090909,0.0032102728731942215,0.119212296074515,0.059284242906476395,0.04691654100177857
ARIZONA,2025,1586000.0,44,350204.69333085476,2.0,7151502.0,3082000.0,1079330864845.6943,0.221771594274881,215866965978.1389,8.541929247286218e-05,0.05,0.0032102728731942215,0.12187115332489999,0.04691654100177857,
ARKANSAS,2015,37931000.0,207,105304.25419352179,29.0,3011524.0,1365265.0,143768212601.51852,12.595283982462036,28772608064.603706,0.0020428998630442215,0.23522727272727273,0.04654895666131621,0.016233389085664095,0.057387526882503086,0.03592612136159879
ARKANSAS,2016,5191000.0,100,109441.12548211237,50.0,3011524.0,1365265.0,149416138181.33615,1.7237119810434849,29885823161.26723,0.00027957852914667564,0.11363636363636363,0.08025682182985554,0.016871116798939472,0.03592612136159879,0.036402525104745696
ARKANSAS,2017,49235000.0,110,112556.29900239382,32.0,3011524.0,1365265.0,153669175557.5032,16.348865225712963,30758452636.70064,0.0026517142906061597,0.125,0.051364365971107544,0.017351342637974925,0.036402525104745696,0.039681642948607064
ARKANSAS,2018,8574000.0,150,116894.2696889717,0.0,3011524.0,1365265.0,159591655106.91394,2.847063480151578,31922618051.38279,0.00046178121920701157,0.17045454545454544,0.0,0.018020071233383905,0.039681642948607064,0.05369779572369535
ARKANSAS,2019,23624000.0,184,120919.64182673286,36.0,3011524.0,1365265.0,165087354798.57443,7.844533199801828,33029283000.11489,0.001272348906291864,0.20909090909090908,0.05778491171749599,0.01864061057082397,0.05369779572369535,0.0872956142773619
ARKANSAS,2020,310466000.0,159,128602.76862854639,240.0,3011524.0,1365265.0,175576858911.65237,103.0926534206601,35270604838.13048,0.016721176580630284,0.1806818181818182,0.3852327447833066,0.019825018434718285,0.0872956142773619,0.03788953996877952
ARKANSAS,2021,27942000.0,131,145139.48644704078,5.0,3011524.0,1365265.0,198153860964.11914,9.27835873132673,39644743219.52383,0.0015049091237558103,0.14886363636363636,0.008025682182985553,0.02237426942750456,0.03788953996877952,0.037846215003521935
ARKANSAS,2022,22159000.0,132,159336.17207162222,0.0,3011524.0,1365265.0,217536098963.3633,7.358068539384046,43518299319.07267,0.0011934464703065278,0.15,0.0,0.024562788051331087,0.037846215003521935,0.047152257522938876
ARKANSAS,2023,248895000.0,137,160952.6661069808,20.0,3011524.0,1365265.0,219743041692.54712,82.64752331377734,44073055867.90943,0.01340506607820494,0.15568181818181817,0.03210272873194221,0.02481198194033016,0.047152257522938876,0.06915753669797081
ARKANSAS,2025,14913000.0,181,165106.3831870296,125.0,3011524.0,1365265.0,225413966241.83997,4.9519778026009424,45090249797.06799,0.0008031890975080667,0.2056818181818182,0.20064205457463885,0.025452306550466843,0.06915753669797081,
CALIFORNIA,2015,22374000.0,75,357215.2204832926,13.0,39538223.0,14392140.0,5141091463326.415,0.5658827914446231,1028229479681.5831,0.0012050260086934543,0.08522727272727272,0.02086677367576244,0.5804992392893001,0.19376391410329818,0.2163259130579959
CALIFORNIA,2016,57805200.0,116,382485.94348535227,14.0,39538223.0,14392140.0,5504791246673.277,1.462008042192488,1100987151959.2556,0.0031132908482044723,0.1318181818181818,0.02247191011235955,0.621565897812806,0.2163259130579959,0.33787845786296916
CALIFORNIA,2017,705467190.0,437,408772.73040167644,150.0,39538223.0,14392140.0,5883114364123.184,17.842663035210258,1176975606522.0366,0.03799527631312625,0.4965909090909091,0.24077046548956663,0.664283729901934,0.33787845786296916,0.6728725059816854
CALIFORNIA,2018,18567234100.0,226,444809.88589953625,29.0,39538223.0,14392140.0,6401766151250.151,469.6021391755517,1289636847348.1304,1.0,0.25681818181818183,0.04654895666131621,0.7228465798397246,0.6728725059816854,0.3602816023292566
CALIFORNIA,2019,14737000.0,571,457351.51668681955,45.0,39538223.0,14392140.0,6582267057369.043,0.37272792962900736,1316460780092.5085,0.0007937100335262106,0.6488636363636363,0.07223113964686999,0.7432275902614396,0.3602816023292566,0.3136195669900862
CALIFORNIA,2020,29250000.0,226,477052.30902441667,181.0,39538223.0,14392140.0,6865803618802.668,0.7397904554284092,1373175348823.8337,0.0015753558038027861,0.25681818181818183,0.29052969502407705,0.7752427293417367,0.3136195669900862,0.3218212393726445
CALIFORNIA,2021,82665000.0,215,549322.3216686631,21.0,39538223.0,14392140.0,7905923758580.433,2.090761640956904,1581226084261.1868,0.004452197863978028,0.24431818181818182,0.033707865168539325,0.8926864578218766,0.3218212393726445,0.349998756469078
CALIFORNIA,2022,60733510.0,210,615358.6366807783,6.0,39538223.0,14392140.0,8856327649318.896,1.536070804193704,1771295896661.3794,0.0032710046996175914,0.23863636363636365,0.009630818619582664,1.0,0.349998756469078,0.5096201736432215
CALIFORNIA,2023,341461200.0,801,595920.4514645516,185.0,39538223.0,14392140.0,8576570566341.032,8.636230313132687,1715484844046.9065,0.018390525921144065,0.9102272727272728,0.2969502407704655,0.9684116155075428,0.5096201736432215,0.39847356113808147
CALIFORNIA,2025,55689460.0,431,611986.8765889216,6.0,39538223.0,14392140.0,8807800806030.482,1.4084967855029802,1761588006022.8967,0.0029993406503125847,0.48977272727272725,0.009630818619582664,0.9945206585381757,0.39847356113808147,
COLORADO,2015,9259500.0,77,251146.28108683074,15.0,5773714.0,2491404.0,625706849284.8545,1.603733749195059,125145999623.8709,0.0004987010962499794,0.0875,0.024077046548956663,0.07065082436657309,0.04130243240336758,0.03395575787333378
COLORADO,2016,213500.0,50,260035.77369642933,4.0,5773714.0,2491404.0,647854166730.3788,0.03697793136272424,129570940106.47575,1.149875090980837e-05,0.056818181818181816,0.006420545746388443,0.07315155811564883,0.03395575787333378,0.029603491617065818
COLORADO,2017,1632000.0,28,274956.6049120078,0.0,5773714.0,2491404.0,685027985304.1959,0.28266034652911454,137006413066.4392,8.789677510448366e-05,0.031818181818181815,0.0,0.07734898847795887,0.029603491617065818,0.0566764766618367
COLORADO,2018,47310000.0,132,296409.67081316933,4.0,5773714.0,2491404.0,738476239502.6133,8.194032471992898,147718902927.32266,0.002548037028304609,0.15,0.006420545746388443,0.08338402425292005,0.0566764766618367,0.0455838829239798
COLORADO,2019,75000.0,83,316593.84133289417,0.0,5773714.0,2491404.0,788763162672.1378,0.012989905630933572,157752670051.0276,4.03937385590458e-06,0.09431818181818181,0.0,0.08906210270267026,0.0455838829239798,0.0764081692918806
COLORADO,2020,295410200.0,85,336688.1720066253,139.0,5773714.0,2491404.0,838826258489.9943,51.1646749388695,167912956828.89886,0.015910296515300574,0.09659090909090909,0.2231139646869984,0.09471490799626242,0.0764081692918806,0.0969751696532257
COLORADO,2021,2001522500.0,84,404326.5969934568,4.0,5773714.0,2491404.0,1007340901055.8864,346.6611785758699,202468941478.3773,0.10779863544673032,0.09545454545454546,0.006420545746388443,0.11374250602995213,0.0969751696532257,0.0554375157650499
COLORADO,2022,27870.0,66,479144.25158088945,0.0,5773714.0,2491404.0,1193741904965.6343,0.004827048932454916,238748394941.32687,1.501031324854142e-06,0.075,0.0,0.1347897178417332,0.0554375157650499,0.09115407412317483
COLORADO,2023,45257500.0,210,476391.6623962138,14.0,5773714.0,2491404.0,1186884093260.5767,7.8385420545596824,237399447445.51535,0.00243749283044802,0.23863636363636365,0.02247191011235955,0.1340153775082898,0.09115407412317483,0.06528116477061152
COLORADO,2025,181670000.0,84,495235.7109427606,3.0,5773714.0,2491404.0,1233832231185.6375,31.465015412956028,246857281254.2275,0.009784440645362467,0.09545454545454546,0.004815409309791332,0.139316461635261,0.06528116477061152,
CONNECTICUT,2015,0.0,4,233107.82791980822,4.0,3605944.0,1530197.0,356700898959.4068,0.0,71340179793.08136,0.0,0.004545454545454545,0.006420545746388443,0.040276389163045385,0.013634062232643369,0.01315096789296231
CONNECTICUT,2016,20000.0,4,236166.23157351313,0.0,3605944.0,1530197.0,361380859055.0951,0.005546397836461132,72276181811.81903,1.0771663615745546e-06,0.004545454545454545,0.0,0.040804820391089236,0.01315096789296231,0.013669895430526456
CONNECTICUT,2017,0.0,5,241801.2499311345,0.0,3605944.0,1530197.0,370003547240.8722,0.0,74000709449.17444,0.0,0.005681818181818182,0.0,0.041778439313876065,0.013669895430526456,0.02075815537855846
CONNECTICUT,2018,473000.0,32,247582.23547069347,4.0,3605944.0,1530197.0,378849593970.54877,0.13117230883230577,75770155300.90976,2.5474984451238217e-05,0.03636363636363636,0.006420545746388443,0.04277727845803949,0.02075815537855846,0.015248293883545726
CONNECTICUT,2019,38000.0,10,250313.34557993742,0.0,3605944.0,1530197.0,383028730466.3835,0.010538155889276151,76605765095.2767,2.046616086991654e-06,0.011363636363636364,0.0,0.04324915988127886,0.015248293883545726,0.020593484266878744
CONNECTICUT,2020,515000.0,9,261623.75416352754,31.0,3605944.0,1530197.0,400335883749.76733,0.14281974428887415,80067434254.85347,2.773703381054478e-05,0.010227272727272727,0.04975922953451043,0.045203373181496455,0.020593484266878744,0.024136120684305463
CONNECTICUT,2021,405500.0,18,302940.1574703732,27.0,3605944.0,1530197.0,463558120140.6927,0.11245321613424945,92711826784.43855,2.1839547980924094e-05,0.020454545454545454,0.04333868378812199,0.05234202465130601,0.024136120684305463,0.01790740674321037
CONNECTICUT,2022,0.0,2,336706.6636747437,0.0,3605944.0,1530197.0,515227526635.10175,0.0,103045505327.42035,0.0,0.0022727272727272726,0.0,0.05817620429554972,0.01790740674321037,0.02278449415082599
CONNECTICUT,2023,651000.0,18,360372.5682363555,0.0,3605944.0,1530197.0,551441022797.5665,0.18053524957680986,110288530063.11331,3.5061765069251755e-05,0.020454545454545454,0.0,0.06226520117963066,0.02278449415082599,0.02158708769225228
CONNECTICUT,2025,0.0,1,412080.9714014687,0.0,3605944.0,1530197.0,630565066195.6132,0.0,126113013239.32263,0.0,0.0011363636363636363,0.0,0.07119938321659851,0.02158708769225228,
DELAWARE,2015,200000.0,4,230387.20883864566,0.0,989948.0,448735.0,103382804158.20966,0.20203081373971157,20676660832.441933,1.0771663615745545e-05,0.004545454545454545,0.0,0.011673326490597985,0.004415397521716603,0.007668543046283121
DELAWARE,2016,0.0,17,239755.00637842156,1.0,989948.0,448735.0,107586462787.221,0.0,21517292560.9442,0.0,0.019318181818181818,0.0016051364365971107,0.012147976796623487,0.007668543046283121,0.01128828954887403
DELAWARE,2017,0.0,33,249221.57825382374,0.0,989948.0,448735.0,111834444917.7296,0.0,22366888990.14592,0.0,0.0375,0.0,0.0126276318295801,0.01128828954887403,0.004803923006484861
DELAWARE,2018,0.0,4,256230.7315275517,0.0,989948.0,448735.0,114979697312.0159,0.0,22995939463.203182,0.0,0.004545454545454545,0.0,0.012982773657979842,0.004803923006484861,0.004486809384120008
DELAWARE,2019,0.0,2,265272.00930647546,0.0,989948.0,448735.0,119036835096.14127,0.0,23807367019.628258,0.0,0.0022727272727272726,0.0,0.013440879765248511,0.004486809384120008,0.006856795367098462
DELAWARE,2020,0.0,6,276902.28903454565,8.0,989948.0,448735.0,124255748669.91684,0.0,24851149735.983368,0.0,0.006818181818181818,0.012841091492776886,0.014030166180614697,0.006856795367098462,0.0055043421025925765
DELAWARE,2021,0.0,2,321653.0339517473,1.0,989948.0,448735.0,144336974190.3373,0.0,28867394838.567463,0.0,0.0022727272727272726,0.0016051364365971107,0.016297610014624705,0.0055043421025925765,0.006858323047129707
DELAWARE,2023,0.0,5,376432.61864164827,0.0,989948.0,448735.0,168918491126.16003,0.0,33783698226.23201,0.0,0.005681818181818182,0.0,0.0190731980358869,0.006858323047129707,0.006465164159185026
DELAWARE,2025,0.0,2,395422.75228076533,0.0,989948.0,448735.0,177440028744.70923,0.0,35488005749.34185,0.0,0.0022727272727272726,0.0,0.020035395682131904,0.006465164159185026,
DISTRICT OF COLUMBIA,2016,0.0,4,,0.0,689545.0,350364.0,,0.0,,0.0,0.004545454545454545,0.0,,,
DISTRICT OF COLUMBIA,2017,0.0,6,,0.0,689545.0,350364.0,,0.0,,0.0,0.006818181818181818,0.0,,,
DISTRICT OF COLUMBIA,2018,0.0,21,,0.0,689545.0,350364.0,,0.0,,0.0,0.023863636363636365,0.0,,,
DISTRICT OF COLUMBIA,2019,0.0,3,,0.0,689545.0,350364.0,,0.0,,0.0,0.003409090909090909,0.0,,,
DISTRICT OF COLUMBIA,2020,0.0,4,,0.0,689545.0,350364.0,,0.0,,0.0,0.004545454545454545,0.0,,,
DISTRICT OF COLUMBIA,2021,200000.0,11,,0.0,689545.0,350364.0,,0.2900463349020006,,1.0771663615745545e-05,0.0125,0.0,,,
DISTRICT OF COLUMBIA,2022,0.0,12,,0.0,689545.0,350364.0,,0.0,,0.0,0.013636363636363636,0.0,,,
DISTRICT OF COLUMBIA,2023,0.0,1,,0.0,689545.0,350364.0,,0.0,,0.0,0.0011363636363636363,0.0,,,
FLORIDA,2015,19275500.0,99,153651.71654849703,0.0,21538187.0,9865350.0,1515827961851.715,0.8949453359282283,303175230140.143,0.0010381460101265164,0.1125,0.0,0.17115761993836023,0.07426254438555868,0.1008239075594679
FLORIDA,2016,137148500.0,129,170549.27867754395,72.0,21538187.0,9865350.0,1682528326401.508,6.367690093878375,336574239563.30164,0.00738658753702039,0.14659090909090908,0.11556982343499198,0.18998036127659576,0.1008239075594679,0.13803490865035462
FLORIDA,2017,524843210.0,186,182597.3231550985,146.0,21538187.0,9865350.0,1801386501988.1511,24.36803106965317,360539722054.43024,0.028267172545640495,0.21136363636363636,0.23434991974317818,0.2034010679501778,0.13803490865035462,0.09704733978864727
FLORIDA,2018,4256400.0,101,195983.99413338993,53.0,21538187.0,9865350.0,1933450696523.8384,0.19762109039168432,386692267530.2677,0.0002292425450702967,0.11477272727272728,0.08507223113964688,0.21831291400703,0.09704733978864727,0.10057092590295807
FLORIDA,2019,13519100.0,75,207282.29757874054,87.0,21538187.0,9865350.0,2044912414418.428,0.6276805006846676,408989242457.3856,0.0007281159879381281,0.08522727272727272,0.13964686998394862,0.23089845987977803,0.10057092590295807,0.15343838144729888
FLORIDA,2020,126855000.0,187,221966.22994764117,212.0,21538187.0,9865350.0,2189774546613.962,5.889771502123183,438018336881.3924,0.0068321969398770065,0.2125,0.3402889245585875,0.2472553673849644,0.15343838144729888,0.12485311763290033
FLORIDA,2021,41069000.0,117,262092.8527823255,61.0,21538187.0,9865350.0,2585637725196.1147,1.9067993048811398,517148079568.72296,0.0022119072651752693,0.13295454545454546,0.09791332263242375,0.29195371124226255,0.12485311763290033,0.21358560957286643
FLORIDA,2022,1063222440.0,175,324771.1587020318,264.0,21538187.0,9865350.0,3203981150501.09,49.364528221432934,641327841381.618,0.05726337236196101,0.19886363636363635,0.42375601926163725,0.36177310476397007,0.21358560957286643,0.1622445142281535
FLORIDA,2023,3713500.0,149,336375.97628526064,99.0,21538187.0,9865350.0,3318466737645.796,0.17241469767162854,663695204318.8591,0.00020000286418535542,0.1693181818181818,0.15890850722311398,0.37470008665510535,0.1622445142281535,0.13185874215461518
FLORIDA,2025,5484000.0,91,332332.5062828785,0.0,21538187.0,9865350.0,3278576490857.7954,0.2546175311784599,655718040189.759,0.00029535901634374285,0.10340909090909091,0.0,0.37019593455419836,0.13185874215461518,
GEORGIA,2015,997000.0,35,119567.67273543042,16.0,10711908.0,4410956.0,527407743458.3832,0.09307398831281971,105482047200.27664,5.3696743124491544e-05,0.03977272727272727,0.025682182985553772,0.059551516649109515,0.02840969744508348,0.049426871501002126
GEORGIA,2016,24691010.0,73,124887.82145054436,85.0,10711908.0,4410956.0,550874685354.2074,2.305005793552372,110187282598.9415,0.0013298162702650473,0.08295454545454546,0.13643659711075443,0.06220125396970525,0.049426871501002126,0.11691156694463745
GEORGIA,2017,330093000.0,150,129630.86103052681,351.0,10711908.0,4410956.0,571796024247.7684,30.815518579883246,114524251414.6537,0.017778253789561473,0.17045454545454544,0.5634028892455859,0.06456355804448392,0.11691156694463745,0.05990442127329429
GEORGIA,2018,2472700.0,47,138929.33194736842,177.0,10711908.0,4410956.0,612811170329.2365,0.23083656058285787,122563470442.9473,0.00013317546311327006,0.053409090909090906,0.2841091492776886,0.06919472659487312,0.05990442127329429,0.038118336452492615
GEORGIA,2019,6405610.0,61,148514.04633179266,12.0,10711908.0,4410956.0,655088923751.4988,0.5979896391940632,131020987568.69975,0.00034499538086827915,0.06931818181818182,0.019261637239165328,0.07396846070864135,0.038118336452492615,0.11494387527601935
GEORGIA,2020,16987500.0,173,159923.86485374835,320.0,10711908.0,4410956.0,705417131219.8304,1.5858519322608073,141091920060.5661,0.0009149181783623873,0.1965909090909091,0.5136436597110754,0.07965120071795008,0.11494387527601935,0.04915944036267257
GEORGIA,2021,24106500.0,69,188351.12263447492,30.0,10711908.0,4410956.0,830808514491.273,2.250439417515535,166173756165.0546,0.00129833554476485,0.07840909090909091,0.048154093097913325,0.09380959551052372,0.04915944036267257,0.04809810522378241
GEORGIA,2022,1515500.0,67,219775.26960080717,0.0,10711908.0,4410956.0,969419044097.298,0.14147806347851383,193884566582.8596,8.162228104831187e-05,0.07613636363636364,0.0,0.10946061194696788,0.04809810522378241,0.060674316855682475
GEORGIA,2023,898000.0,89,226524.53218088177,41.0,10711908.0,4410956.0,999189744370.4535,0.0838319373168627,199838397895.9907,4.8364769634697505e-05,0.10113636363636364,0.06581059390048154,0.1128221294350257,0.060674316855682475,0.04923297791523264
GEORGIA,2025,1039000.0,60,238086.74242019842,0.0,10711908.0,4410956.0,1050190144998.8287,0.09699485843231663,210038548511.76575,5.595879248379811e-05,0.06818181818181818,0.0,0.11858076920625159,0.04923297791523264,
GUAM,2016,0.0,1,,0.0,,,,,,0.0,0.0011363636363636363,0.0,,,
GUAM,2022,500.0,3,,0.0,,,,,,2.6929159039363865e-08,0.003409090909090909,0.0,,,
GUAM,2023,0.0,2,,0.0,,,,,,0.0,0.0022727272727272726,0.0,,,
HAWAII,2015,30000.0,17,490114.45799190877,0.0,1455271.0,561066.0,274986558487.6883,0.020614717121415875,54997326700.93766,1.615749542361832e-06,0.019318181818181818,0.0,0.031049727310939808,0.01317920085673525,0.013717396116488083
HAWAII,2016,0.0,17,510020.58895323076,1.0,1455271.0,561066.0,286155211761.63336,0.0,57231042355.826675,0.0,0.019318181818181818,0.0016051364365971107,0.03231082036397336,0.013717396116488083,0.01315691401010044
HAWAII,2017,20000.0,13,536785.9445639249,0.0,1455271.0,561066.0,301172342772.7031,0.013743144747610583,60234478557.140625,1.0771663615745546e-06,0.014772727272727272,0.0,0.034006458963367854,0.01315691401010044,0.015247687119263182
HAWAII,2018,0.0,10,564453.1169331747,14.0,1455271.0,561066.0,316695452505.2286,0.0,63339090504.44572,0.0,0.011363636363636364,0.02247191011235955,0.03575922945099985,0.015247687119263182,0.013271127069297638
HAWAII,2019,0.0,9,582205.2576979928,1.0,1455271.0,561066.0,326655575115.58203,0.0,65331115025.01641,0.0,0.010227272727272727,0.0016051364365971107,0.036883862933944606,0.013271127069297638,0.01495464861428586
HAWAII,2020,266000.0,5,608524.0596925741,14.0,1455271.0,561066.0,341422160075.47375,0.18278382514322075,68284565017.49476,1.4326312608941576e-05,0.005681818181818182,0.02247191011235955,0.038551211472142306,0.01495464861428586,0.01409280772118683
HAWAII,2021,0.0,3,688742.4689273882,2.0,1455271.0,561066.0,386429982071.214,0.0,77285996415.0428,0.0,0.003409090909090909,0.0032102728731942215,0.04363320750683075,0.01409280772118683,0.016429051536237874
HAWAII,2022,0.0,2,823624.654108623,2.0,1455271.0,561066.0,462107790182.1087,0.0,92421558037.02176,0.0,0.0022727272727272726,0.0032102728731942215,0.05217826264790999,0.016429051536237874,0.14320238609130143
HAWAII,2023,5554601000.0,28,844517.8904868508,7.0,1455271.0,561066.0,473830274743.8954,3816.8842779111246,97543355455.07909,0.29916146745841915,0.031818181818181815,0.011235955056179775,0.05350189079559807,0.14320238609130143,0.01843884601417698
HAWAII,2025,1050000.0,8,856432.7579127011,2.0,1455271.0,561066.0,480515301751.04755,0.7215150992495556,96103585352.00952,5.655123398266412e-05,0.00909090909090909,0.0032102728731942215,0.05425672138360892,0.01843884601417698,
IDAHO,2015,8540000.0,34,169188.71865555746,11.0,1839106.0,751859.0,127206060819.64877,4.643560512553382,25445482171.829758,0.0004599500363923348,0.038636363636363635,0.01765650080256822,0.014363296600643683,0.013985891802279589,0.014080092856946363
IDAHO,2016,5000.0,39,179605.69830957518,4.0,1839106.0,751859.0,135038160725.33888,0.002718712243883713,27007634653.26778,2.6929159039363865e-07,0.04431818181818182,0.006420545746388443,0.015247647340116658,0.014080092856946363,0.041337960531372155
IDAHO,2017,66263700.0,135,192187.4656879076,27.0,1839106.0,751859.0,144497875764.6445,36.03038650300744,28932707032.628902,0.0035688514316733907,0.1534090909090909,0.04333868378812199,0.016315777993574712,0.041337960531372155,0.016437100105426865
IDAHO,2018,11342550.0,47,210079.29169263536,1.0,1839106.0,751859.0,157950006172.73312,6.167425912372642,31595672519.046627,0.0006108906657238733,0.053409090909090906,0.0016051364365971107,0.017834706712198074,0.016437100105426865,0.015383386585251067
IDAHO,2019,6976000.0,37,230124.2424031842,6.0,1839106.0,751859.0,173020982769.0157,3.7931473226665564,34607684561.80314,0.00037571562691720466,0.042045454545454546,0.009630818619582664,0.01953642521145003,0.015383386585251067,0.027307136207708554
IDAHO,2020,3135000.0,25,260321.63065300338,93.0,1839106.0,751859.0,195725160901.13647,1.704632576915088,39146599694.5273,0.00016884582717681144,0.028409090909090908,0.1492776886035313,0.022100036115555062,0.027307136207708554,0.01401197020898435
IDAHO,2021,534000.0,19,342351.9269135398,6.0,1839106.0,751859.0,257400377417.28714,0.2903584676467806,51480342487.85743,2.876034185404061e-05,0.02159090909090909,0.009630818619582664,0.029064007973675494,0.01401197020898435,0.023568015835579048
IDAHO,2022,22321000.0,53,408332.77924852155,4.0,1839106.0,751859.0,307008675073.01416,12.136875199145672,61412895525.60284,0.0012021715178352817,0.060227272727272727,0.006420545746388443,0.03466546036117182,0.023568015835579048,0.019178352927588793
IDAHO,2023,87795000.0,32,393200.0340041697,0.0,1839106.0,751859.0,295630984366.341,47.737868290354115,59170094379.668205,0.004728491035721901,0.03636363636363636,0.0,0.03338076413524253,0.019178352927588793,0.018458021723408817
IDAHO,2025,49284000.0,30,409037.445347283,1.0,1839106.0,751859.0,307538484621.36285,26.797802845512983,61532338930.372574,0.0026543533481920177,0.03409090909090909,0.0016051364365971107,0.03472528307430161,0.018458021723408817,
ILLINOIS,2015,59606000.0,182,117960.80254636973,0.0,12812508.0,5426429.0,640105919800.8945,4.652172704984848,128050986996.5789,0.003210278907400645,0.20681818181818182,0.0,0.07227667551912699,0.06433075058233473,0.04782951505445939
ILLINOIS,2016,11346000.0,112,120395.5090422727,0.0,12812508.0,5426429.0,653317681736.7507,0.885540910491529,130669209369.75015,0.0006110764769212448,0.12727272727272726,0.0,0.07376846336381815,0.04782951505445939,0.07181260518305145
ILLINOIS,2017,24692000.0,217,119481.2028768938,0.0,12812508.0,5426429.0,648356264246.0599,1.9271792844929345,129683598892.61198,0.0013298695899999452,0.24659090909090908,0.0,0.07320825176289886,0.07181260518305145,0.07071051324572558
ILLINOIS,2018,133477000.0,200,121754.97186230698,0.0,12812508.0,5426429.0,660694710207.8066,10.41771056845389,132205680581.56134,0.007188846722194341,0.22727272727272727,0.0,0.07460143034100798,0.07071051324572558,0.10045608888572771
ILLINOIS,2019,50826000.0,317,124153.36861112317,28.0,12812508.0,5426429.0,673709439879.0885,3.96690484017649,134767301042.0177,0.0027374028746694158,0.36022727272727273,0.0449438202247191,0.07607097055977832,0.10045608888572771,0.1061864855051619
ILLINOIS,2020,11798000.0,216,131091.49414796068,204.0,12812508.0,5426429.0,711358685497.8241,0.9208189372447612,142277636163.16483,0.0006354204366928297,0.24545454545454545,0.3274478330658106,0.08032208310998203,0.1061864855051619,0.05849751022455198
ILLINOIS,2021,8656000.0,133,140557.20415231807,14.0,12812508.0,5426429.0,762723688771.0592,0.6755898220707452,152549065782.21185,0.00046619760128946723,0.15113636363636362,0.02247191011235955,0.0861218914850917,0.05849751022455198,0.05273828362727256
ILLINOIS,2022,962000.0,111,148680.60284850473,1.0,12812508.0,5426429.0,806804735034.6086,0.07508287994825057,161361428029.2217,5.181170199173608e-05,0.12613636363636363,0.0016051364365971107,0.0910992419184781,0.05273828362727256,0.08089366779347104
ILLINOIS,2023,2040000.0,216,152691.28017231773,23.0,12812508.0,5426429.0,828568390774.19,0.15921941278007398,165714698200.338,0.00010987096888060457,0.24545454545454545,0.03691813804173355,0.09355665503612118,0.08089366779347104,0.07881453713536919
ILLINOIS,2025,30298000.0,212,163098.4797207243,0.0,12812508.0,5426429.0,885042320212.4503,2.364720474711118,177023613084.89008,0.0016317993211492927,0.2409090909090909,0.0,0.0999333307503043,0.07881453713536919,
INDIANA,2015,2357750.0,149,112789.28531207332,0.0,6785528.0,2923175.0,329702819092.11993,0.3474674336322833,65941742723.22399,0.0001269844494501203,0.1693181818181818,0.0,0.037227938277269584,0.04508281162659729,0.03414347854702495
INDIANA,2016,10990250.0,98,117491.40411470487,0.0,6785528.0,2923175.0,343447935223.0024,1.619660253409904,68695082189.20048,0.0005919163802647374,0.11136363636363636,0.0,0.038779949073972614,0.03414347854702495,0.03833183919440463
INDIANA,2017,10838000.0,114,123099.13645358974,0.0,6785528.0,2923175.0,359840318202.7222,1.597222795337371,71973482663.34445,0.0005837164513372512,0.12954545454545455,0.0,0.04063087234926274,0.03833183919440463,0.04910390982411132
INDIANA,2018,11671750.0,136,130958.02224633581,31.0,6785528.0,2923175.0,382813216679.9327,1.7200945895441002,76568479241.28654,0.0006286208240353904,0.15454545454545454,0.04975922953451043,0.04322482543985071,0.04910390982411132,0.05343539863406398
INDIANA,2019,3151750.0,174,139588.58487781108,0.0,6785528.0,2923175.0,408041861600.19543,0.46448117228312963,81609948229.8391,0.00016974795400463014,0.19772727272727272,0.0,0.046073483023358584,0.05343539863406398,0.06556771136229642
INDIANA,2020,3108000.0,92,150440.89867009912,185.0,6785528.0,2923175.0,439765073969.967,0.4580336268599879,87954568830.8934,0.00016739165258868578,0.10454545454545454,0.2969502407704655,0.04965546571707828,0.06556771136229642,0.03647326188338913
INDIANA,2021,561000.0,85,173126.79312143355,0.0,6785528.0,2923175.0,506079913482.7465,0.0826759538830287,101216263213.54932,3.0214516442166256e-05,0.09659090909090909,0.0,0.057143314195434836,0.03647326188338913,0.03412984663472724
INDIANA,2022,990000.0,65,195271.81301139353,0.0,6785528.0,2923175.0,570813681999.5803,0.14589874214652124,114163231412.91608,5.331973489794045e-05,0.07386363636363637,0.0,0.06445263822680264,0.03412984663472724,0.04853921424359381
INDIANA,2023,41908000.0,112,202940.59827699792,13.0,6785528.0,2923175.0,593230883368.3634,6.176085339269103,118667130697.37268,0.0022570943940433217,0.12727272727272726,0.02086677367576244,0.0669838455461826,0.04853921424359381,0.05566945621341471
INDIANA,2025,18970000.0,128,223763.44165054182,25.0,6785528.0,2923175.0,654099698546.8226,2.7956556954742506,130829424737.46454,0.0010216922939534651,0.14545454545454545,0.04012841091492777,0.07385676371143819,0.05566945621341471,
IOWA,2015,24954000.0,199,112966.59631176984,19.0,3190369.0,1412789.0,159597964636.709,7.821665769696232,31932069969.041805,0.0013439804693365718,0.22613636363636364,0.030497592295345103,0.018020783665223028,0.05422085924410877,0.051357176645054285
IOWA,2016,12334200.0,181,117458.94045948212,27.0,3190369.0,1412789.0,165944699032.81128,3.866073172100155,33195106945.462257,0.0006642992668466436,0.2056818181818182,0.04333868378812199,0.018737416410465956,0.051357176645054285,0.028786323469260668
IOWA,2017,10624000.0,94,120132.8074764357,9.0,3190369.0,1412789.0,169722308941.8261,3.330022326571002,33949773808.065224,0.0005721907712684034,0.10681818181818181,0.014446227929373997,0.019163960013931818,0.028786323469260668,0.12526643029472923
IOWA,2018,348923600.0,467,125271.57849392162,35.0,3190369.0,1412789.0,176982308108.84903,109.36778786403704,35570923518.66981,0.018792438233974765,0.5306818181818181,0.056179775280898875,0.019983712788952654,0.12526643029472923,0.13867205964925403
IOWA,2019,190260000.0,507,132569.04764937068,81.0,3190369.0,1412789.0,187292092259.50674,59.63573492595997,37553548561.40135,0.010247083597658737,0.5761363636363637,0.13001605136436598,0.02114782782160398,0.13867205964925403,0.064762286372085
IOWA,2020,1331500.0,95,140127.97052803336,227.0,3190369.0,1412789.0,197971255354.3297,0.4173498426044135,39594916862.56594,7.171235052182597e-05,0.10795454545454546,0.36436597110754415,0.022353650767375895,0.064762286372085,0.04392131436429751
IOWA,2021,20108400.0,159,153619.29945077846,0.0,3190369.0,1412789.0,217031656451.76584,6.302844592584745,43416385522.153175,0.0010830046032542888,0.1806818181818182,0.0,0.024505829622107178,0.04392131436429751,0.032740441404257546
IOWA,2022,224925500.0,69,171346.92008520354,25.0,3190369.0,1412789.0,242077043880.25464,70.5014059502208,48527871542.35094,0.012114109123016874,0.07840909090909091,0.04012841091492777,0.027333794939132787,0.032740441404257546,0.03869155198485872
IOWA,2023,2435300.0,128,176036.82427593583,7.0,3190369.0,1412789.0,248702888931.9751,0.7633286306380234,49741795462.69502,0.00013116116201712565,0.14545454545454545,0.011235955056179775,0.028081943078416008,0.03869155198485872,0.020656368073697775
IOWA,2025,56000.0,48,190233.9983062301,4.0,3190369.0,1412789.0,268760500233.06052,0.01755282852861221,53752128056.61211,3.016065812408753e-06,0.05454545454545454,0.006420545746388443,0.03034672054547686,0.020656368073697775,
KANSAS,2015,8151600.0,232,104191.4782983161,44.0,2937880.0,1275689.0,132915922758.90056,2.774653832014922,26587260402.580112,0.00043903146565055695,0.2636363636363636,0.07062600321027288,0.015008017772368954,0.06446789096627092,0.054242717191300416
KANSAS,2016,64937100.0,204,90526.45263007851,16.0,2937880.0,1275689.0,115483599829.21222,22.103387476683867,23129188558.242447,0.0034974029869101505,0.2318181818181818,0.025682182985553772,0.013039671114482038,0.054242717191300416,0.042843334315722
KANSAS,2017,8044200.0,128,91368.94465649858,60.0,2937880.0,1275689.0,116558357639.90402,2.738096858959522,23315693659.580803,0.0004332470822889016,0.14545454545454545,0.09630818619582665,0.013161025907715602,0.042843334315722,0.038465546991122396
KANSAS,2018,16515200.0,144,94841.64233912474,8.0,2937880.0,1275689.0,120988439873.9557,5.621468541941808,24205945604.39114,0.0008894808947338042,0.16363636363636364,0.012841091492776886,0.013661242522261518,0.038465546991122396,0.07734018526989055
KANSAS,2019,28874800.0,236,99546.11211943238,117.0,2937880.0,1275689.0,126989880223.52657,9.828447724209294,25412413503.605316,0.0015551481628596475,0.2681818181818182,0.18780096308186195,0.014338886867322804,0.07734018526989055,0.051260507115508
KANSAS,2020,225700.0,40,110269.57094260059,233.0,2937880.0,1275689.0,140669678686.19522,0.07682410445627459,28134048618.539043,1.2155822390368849e-05,0.045454545454545456,0.3739967897271268,0.015883522409766936,0.051260507115508,0.02354936712239814
KANSAS,2021,2653500.0,80,122889.14247807839,0.0,2937880.0,1275689.0,156768327278.71735,0.9032023091480932,31354992221.74347,0.00014291304702190402,0.09090909090909091,0.0,0.017701279072570644,0.02354936712239814,0.04127027805623347
KANSAS,2022,51533800.0,96,138438.9903175555,77.0,2937880.0,1275689.0,176605097119.21204,17.541152123299796,35346786350.74241,0.0027755237922055392,0.10909090909090909,0.12359550561797752,0.019941120531238928,0.04127027805623347,0.025130502583523784
KANSAS,2023,145230.0,68,142122.90059653582,22.0,2937880.0,1275689.0,181304620939.09418,0.049433605184691004,36260996818.61884,7.821843534573628e-06,0.07727272727272727,0.03531300160513644,0.020471760770169514,0.025130502583523784,0.03140276770229996
KANSAS,2025,5922000.0,60,155599.65992854515,68.0,2937880.0,1275689.0,198496774574.58585,2.0157392405407983,39702315933.71717,0.0003189489596622256,0.06818181818181818,0.10914927768860354,0.02241298904403694,0.03140276770229996,
KENTUCKY,2015,3246500.0,331,102748.12314061358,163.0,4505836.0,1994323.0,204912945186.1579,0.720510023001281,40984212369.73158,0.00017485102964258958,0.37613636363636366,0.26163723916532905,0.0231374620836117,0.1084021756807462,0.036615874592996915
KENTUCKY,2016,6275840.0,112,103814.60262542215,25.0,4505836.0,1994323.0,207039849751.73978,1.3928247721399536,41411107895.24796,0.00033800618693120263,0.12727272727272726,0.04012841091492777,0.023377618573953998,0.036615874592996915,0.024918875689947884
KENTUCKY,2017,7090000.0,77,107557.4000443585,0.0,4505836.0,1994323.0,214504196728.66516,1.5735148815891213,42904384361.13303,0.0003818554751781796,0.0875,0.0,0.024220444999588718,0.024918875689947884,0.09296538352336517
KENTUCKY,2018,18898000.0,333,114381.80138742914,57.0,4505836.0,1994323.0,228114257288.38184,4.194116252788605,45632300529.97637,0.0010178144950517966,0.3784090909090909,0.09149277688603531,0.0257572061830758,0.09296538352336517,0.0791642483468288
KENTUCKY,2019,8314100.0,269,119270.75072742149,61.0,4505836.0,1994323.0,237864401402.9634,1.8451847781410597,47577037390.49268,0.00044778344233835024,0.30568181818181817,0.09791332263242375,0.026858130234291476,0.0791642483468288,0.08858528642804711
KENTUCKY,2020,21318100.0,161,128456.22381108064,267.0,4505836.0,1994323.0,256183201639.58575,4.731219689309597,51247299436.817154,0.0011481570106341257,0.18295454545454545,0.42857142857142855,0.028926572252471684,0.08858528642804711,0.08650010341538096
KENTUCKY,2021,2273000.0,242,147171.62999772286,134.0,4505836.0,1994323.0,293507766651.94867,0.504456886579982,58702689892.18974,0.00012241995699294812,0.275,0.21508828250401285,0.03314102394060829,0.08650010341538096,0.0469907972143801
KENTUCKY,2022,892000.0,134,166086.0149405423,33.0,4505836.0,1994323.0,331229159574.26715,0.19796548298695293,66246277944.95343,4.8041619726225134e-05,0.15227272727272728,0.052969502407704656,0.03740028290391228,0.0469907972143801,0.048470180581982256
KENTUCKY,2023,3303300.0,84,172473.64281724824,110.0,4505836.0,1994323.0,343968152764.22296,0.7331158968058313,68795282230.64459,0.0001779101821094613,0.09545454545454546,0.17656500802568217,0.03883868871887053,0.048470180581982256,0.1289768976782883
KENTUCKY,2025,23224050.0,199,189233.185645686,439.0,4505836.0,1994323.0,377392094496.4614,5.154215555115632,75490031007.99228,0.0012508082719762767,0.22613636363636364,0.7046548956661316,0.04261270691870632,0.1289768976782883,
LOUISIANA,2015,16553000.0,47,157194.029175251,7.0,4657757.0,2073200.0,325894661286.1304,3.5538565021747592,65187208767.32607,0.0008915167391571801,0.053409090909090906,0.011235955056179775,0.036797945400223936,0.023201404003166212,0.17026960174698794
LOUISIANA,2016,6074607000.0,74,161591.64736768746,70.0,4657757.0,2073200.0,335011803322.68964,1304.1914810068452,70039664186.33794,0.32716811600926604,0.08409090909090909,0.11235955056179775,0.03782739489639975,0.17026960174698794,0.04343694821026762
LOUISIANA,2017,12787000.0,103,160124.15337757507,53.0,4657757.0,2073200.0,331969394782.3886,2.745312819024264,66400272482.37772,0.0006886863132726915,0.11704545454545455,0.08507223113964688,0.03748386553967648,0.04343694821026762,0.03780332429956608
LOUISIANA,2018,15529500.0,115,161366.4528392364,0.0,4657757.0,2073200.0,334544930026.3049,3.3341155410211396,66916750778.26098,0.0008363927506036023,0.13068181818181818,0.0,0.03777467854320333,0.03780332429956608,0.054464870910946615
LOUISIANA,2019,87324000.0,113,165931.6495430111,95.0,4657757.0,2073200.0,344009495832.5706,18.748079816100326,68845561198.61414,0.004703123767906821,0.12840909090909092,0.15248796147672553,0.038843356914310526,0.054464870910946615,0.1274402636124057
LOUISIANA,2020,258194000.0,64,175263.67394997587,592.0,4657757.0,2073200.0,363356648833.08997,55.43311941777984,72800426838.618,0.013905894578019027,0.07272727272727272,0.9502407704654896,0.04102791396398192,0.1274402636124057,0.08294803358400987
LOUISIANA,2021,7654000.0,53,179868.30957103564,362.0,4657757.0,2073200.0,372902979402.6711,1.6432802312357644,74584422927.33423,0.00041223156657458205,0.060227272727272727,0.5810593900481541,0.04210582469036695,0.08294803358400987,0.033168742121476295
LOUISIANA,2022,189292000.0,70,187698.893281994,0.0,4657757.0,2073200.0,389137345552.23,40.64016220683045,77922115124.446,0.01019494874575853,0.07954545454545454,0.0,0.04393890571360658,0.033168742121476295,0.02651338370111115
LOUISIANA,2023,76449500.0,46,182359.88587196486,10.0,4657757.0,2073200.0,378068515389.75757,16.41337235927078,75651927838.15152,0.0041174414879596955,0.05227272727272727,0.016051364365971106,0.04268908404928235,0.02651338370111115,0.02034437738046379
LOUISIANA,2025,2827000.0,36,172320.13717580913,0.0,4657757.0,2073200.0,357254108392.88745,0.6069445013984199,71452235185.7775,0.00015225746520856328,0.04090909090909091,0.0,0.040338854041873935,0.02034437738046379,
MAINE,2015,234000.0,13,157497.12111777754,4.0,1362359.0,739072.0,116401712298.75809,0.17176089415491805,23280459462.751617,1.2602846430422289e-05,0.014772727272727272,0.006420545746388443,0.01314333851545229,0.007544642722392155,0.005680715119214099
MAINE,2016,0.0,7,163360.9995996274,0.0,1362359.0,739072.0,120735540696.09581,0.0,24147108140.619164,0.0,0.007954545454545454,0.0,0.013632686761016694,0.005680715119214099,0.00995519978503399
MAINE,2017,0.0,25,170693.64305801003,0.0,1362359.0,739072.0,126154892162.16959,0.0,25230978437.433918,0.0,0.028409090909090908,0.0,0.014244605344052695,0.00995519978503399,0.009792508220664185
MAINE,2018,2875000.0,13,180897.32293201087,14.0,1362359.0,739072.0,133696146254.00714,2.110310131176878,26740666754.80143,0.00015484266447634223,0.014772727272727272,0.02247191011235955,0.015096115630307463,0.009792508220664185,0.008830399667692772
MAINE,2019,0.0,18,189311.64775491285,0.0,1362359.0,739072.0,139914938129.51895,0.0,27982987629.50379,0.0,0.020454545454545454,0.0,0.015798301922612272,0.008830399667692772,0.11197504361153535
MAINE,2020,4000.0,30,205979.45579111166,623.0,1362359.0,739072.0,152233648350.4485,0.00293608366076783,30446731738.389698,2.1543327231491092e-07,0.03409090909090909,1.0,0.01718925206681532,0.11197504361153535,0.00835696789195889
MAINE,2021,1760000.0,9,250589.16846154354,0.0,1362359.0,739072.0,185203437913.2099,1.291876810737845,37041567584.441986,9.479063981856081e-05,0.010227272727272727,0.0,0.020911990301923068,0.00835696789195889,0.012988238790472376
MAINE,2022,150000.0,23,290636.34239938116,3.0,1362359.0,739072.0,214801182849.79544,0.11010313727879362,42960311574.85909,8.07874771180916e-06,0.026136363636363635,0.004815409309791332,0.02425397877711931,0.012988238790472376,0.03304623394075639
MAINE,2023,31378000.0,86,307099.5440579508,32.0,1362359.0,739072.0,226968674225.9978,23.032108276893243,45409423865.59956,0.0016899663046743188,0.09772727272727273,0.051364365971107544,0.025627854254404534,0.03304623394075639,0.009341173732191179
MAINE,2025,2000.0,5,327726.7750167735,0.0,1362359.0,739072.0,242213683065.1968,0.001468041830383915,48442737614.03937,1.0771663615745546e-07,0.005681818181818182,0.0,0.027349223363910262,0.009341173732191179,
MARYLAND,2015,553000.0,36,247906.30991487397,0.0,6177224.0,2530844.0,627412197010.1993,0.08952241330409906,125482715909.23987,2.9783649897536434e-05,0.04090909090909091,0.0,0.0708433813487525,0.029446746046402943,0.03873283831345736
MARYLAND,2016,1130000.0,61,252357.15088451095,20.0,6177224.0,2530844.0,638676581173.1592,0.182930066968593,127735881248.83183,6.0859899428962333e-05,0.06931818181818182,0.03210272873194221,0.07211528372285066,0.03873283831345736,0.03272590313831892
MARYLAND,2017,755000.0,46,259595.07420632115,0.0,6177224.0,2530844.0,656994635984.6227,0.12222318633742277,131399304706.12454,4.0663030149439437e-05,0.05227272727272727,0.0,0.07418364157237897,0.03272590313831892,0.11190521703029582
MARYLAND,2018,977600.0,388,268987.2449848822,4.0,6177224.0,2530844.0,680764755046.5192,0.15825879068008541,136153439887.30383,5.265189175376423e-05,0.4409090909090909,0.006420545746388443,0.07686761172379095,0.11190521703029582,0.0432311297031471
MARYLAND,2019,37000.0,85,278923.8716729136,0.0,6177224.0,2530844.0,705912807080.1633,0.005989745555608798,141182579933.03268,1.992757768912926e-06,0.09659090909090909,0.0,0.07970716927285906,0.0432311297031471,0.0669340033384801
MARYLAND,2020,3351000.0,150,292385.8631570661,48.0,6177224.0,2530844.0,739983007455.8818,0.5424766853201374,147998277025.97635,0.00018047922388181661,0.17045454545454544,0.07704654895666131,0.08355415887450719,0.0669340033384801,0.07688814479156869
MARYLAND,2021,880000.0,211,331658.5984077776,3.0,6177224.0,2530844.0,839376173828.7335,0.1424588132144795,167875674808.2467,4.7395319909280404e-05,0.23977272727272728,0.004815409309791332,0.0947770009269346,0.07688814479156869,0.05139868630291336
MARYLAND,2022,910000.0,90,360720.0166479589,0.0,6177224.0,2530844.0,912926089813.3868,0.14731536366497314,182585672980.67737,4.9011069451642234e-05,0.10227272727272728,0.0,0.10308178806862416,0.05139868630291336,0.03923922584507437
MARYLAND,2023,2055000.0,33,369706.57506404695,0.0,6177224.0,2530844.0,935669667261.3928,0.33267370585881295,187134960958.87857,0.00011067884365178549,0.0375,0.0,0.10564984769204551,0.03923922584507437,0.040035529952081136
MARYLAND,2025,2160000.0,28,392223.83982140734,0.0,6177224.0,2530844.0,992657351668.9698,0.3496716324355406,198532550339.39398,0.00011633396705005189,0.031818181818181815,0.0,0.11208453333874917,0.040035529952081136,
MASSACHUSETTS,2015,306000.0,51,419589.25673932035,10.0,7029917.0,2998537.0,1258153911135.3513,0.04352825218277826,251630935238.2703,1.6480645332090684e-05,0.05795454545454545,0.016051364365971106,0.14206271052224573,0.05582145094231275,0.05194901089527512
MASSACHUSETTS,2016,1105000.0,29,446323.63817835686,0.0,7029917.0,2998537.0,1338317943052.4158,0.15718535510447706,267664141116.28314,5.951344147699414e-05,0.03295454545454545,0.0,0.15111432142591746,0.05194901089527512,0.07128471391461505
MASSACHUSETTS,2017,1860000.0,103,470948.9166327898,0.0,7029917.0,2998537.0,1412157751633.3357,0.2645834936600247,282432480347.26715,0.00010017647162643358,0.11704545454545455,0.0,0.15945184138957855,0.07128471391461505,0.07714365759349061
MASSACHUSETTS,2018,5574800.0,108,499272.480413187,11.0,7029917.0,2998537.0,1497087005600.7166,0.7930107851913472,299420188542.8433,0.0003002493516252914,0.12272727272727273,0.01765650080256822,0.16904151075709709,0.07714365759349061,0.06813954006810906
MASSACHUSETTS,2019,4953300.0,67,519879.43068149214,0.0,7029917.0,2998537.0,1558877708437.3894,0.7046029135194626,311778018350.8779,0.00026677640693936207,0.07613636363636364,0.0,0.1760185225935353,0.06813954006810906,0.0763566358049017
MASSACHUSETTS,2020,125700.0,70,542940.0553424333,33.0,7029917.0,2998537.0,1628025844726.3337,0.01788072320057264,325605231812.5668,6.769990582496075e-06,0.07954545454545454,0.052969502407704656,0.18382628886269112,0.0763566358049017,0.07716250401043626
MASSACHUSETTS,2021,149400.0,59,626050.9141954049,1.0,7029917.0,2998537.0,1877236830098.7466,0.021252029006885855,375447440731.64935,8.046432720961923e-06,0.06704545454545455,0.0016051364365971107,0.21196560294865752,0.07716250401043626,0.07870197779992118
MASSACHUSETTS,2022,34000.0,21,719937.0575419855,5.0,7029917.0,2998537.0,2158757904710.7727,0.00483647246475314,431751597946.85455,1.8311828146767428e-06,0.023863636363636365,0.008025682182985553,0.2437531661192316,0.07870197779992118,0.09572155426674084
MASSACHUSETTS,2023,1737500.0,80,740899.0260029652,14.0,7029917.0,2998537.0,2221613142733.853,0.24715796786789943,444323497314.17065,9.357882766178944e-05,0.09090909090909091,0.02247191011235955,0.2508503784754066,0.09572155426674084,0.08197349912283101
MASSACHUSETTS,2025,35000.0,5,795847.5308500746,0.0,7029917.0,2998537.0,2386378267612.5903,0.004978721654892939,477275671023.51807,1.8850411327554705e-06,0.005681818181818182,0.0,0.2694546049000476,0.08197349912283101,
MICHIGAN,2015,5441000.0,19,120796.29168119983,0.0,10077331.0,4570173.0,552059950741.5441,0.5399247082387192,110414710652.10883,0.0002930431086663576,0.02159090909090909,0.0,0.062335086573270665,0.02313592503362956,0.025121412487241146
MICHIGAN,2016,5705000.0,23,126675.71115508997,1.0,10077331.0,4570173.0,578929914876.791,0.5661221210258947,115788835480.05821,0.0003072617046391417,0.026136363636363635,0.0016051364365971107,0.06536907144817684,0.025121412487241146,0.027954978319045403
MICHIGAN,2017,91483000.0,21,132867.97369349183,4.0,10077331.0,4570173.0,607229625938.7067,9.078098159125666,121491666692.34134,0.004927120512796249,0.023863636363636365,0.006420545746388443,0.06856449422186929,0.027954978319045403,0.02908767611469855
MICHIGAN,2018,12395000.0,28,141950.83073280973,3.0,10077331.0,4570173.0,648739853942.6572,1.2299883768827282,129754168294.43144,0.0006675738525858303,0.031818181818181815,0.004815409309791332,0.07325156426349573,0.02908767611469855,0.03350187153145321
MICHIGAN,2019,42437000.0,42,148841.2807024987,0.0,10077331.0,4570173.0,680230402351.9806,4.211134872914267,136067298978.79611,0.0022855854443069685,0.04772727272727273,0.0,0.07680727602758625,0.03350187153145321,0.07096049942142885
MICHIGAN,2020,50744000.0,61,159572.63212807276,195.0,10077331.0,4570173.0,729274534890.6506,5.03546028209255,145880279009.83014,0.00273298649258696,0.06931818181818182,0.3130016051364366,0.08234502649038014,0.07096049942142885,0.03600849426851913
MICHIGAN,2021,17905000.0,28,183815.49769229404,5.0,10077331.0,4570173.0,840068624534.8845,1.7767601361908227,168022677413.07693,0.00096433318519962,0.031818181818181815,0.008025682182985553,0.09485518804168122,0.03600849426851913,0.03802250622783803
MICHIGAN,2022,53056000.0,23,204457.9976770555,0.0,10077331.0,4570173.0,934408420617.7418,5.264886109228724,186908212128.14838,0.0028575069239849785,0.026136363636363635,0.0,0.10550743576990439,0.03802250622783803,0.04549235074590316
MICHIGAN,2023,152437000.0,43,209518.33220506497,0.0,10077331.0,4570173.0,957535024848.6184,15.126723534237389,191583223478.3237,0.008210000432967018,0.048863636363636366,0.0,0.10811874433329693,0.04549235074590316,0.04489613587525926
MICHIGAN,2025,543500.0,35,224033.29284041084,14.0,10077331.0,4570173.0,1023870906040.3389,0.05393293124935561,204774452966.46777,2.9271995875788523e-05,0.03977272727272727,0.02247191011235955,0.11560896870375845,0.04489613587525926,
MINNESOTA,2015,2537000.0,46,148525.2572540379,0.0,5706494.0,2485558.0,369168141369.8319,0.44458120870713264,73834896783.16638,0.00013663855296573225,0.05227272727272727,0.0,0.04168411061420284,0.023014434059992598,0.029314302830798868
MINNESOTA,2016,4161000.0,64,155281.3602930057,10.0,5706494.0,2485558.0,385960827327.16266,0.7291692587427587,77194245979.23254,0.0002241044615255861,0.07272727272727272,0.016051364365971106,0.04358023354712326,0.029314302830798868,0.03250694994985671
MINNESOTA,2017,6890000.0,82,162978.6700507906,0.0,5706494.0,2485558.0,405092937174.10297,1.2073963452866157,81022032451.2206,0.0003710838115624341,0.09318181818181819,0.0,0.04574050929622697,0.03250694994985671,0.05219954677772402
MINNESOTA,2018,13095000.0,143,171522.55728277637,31.0,5706494.0,2485558.0,426329264434.6631,2.2947540118328345,85272400418.63261,0.0007052746752409396,0.1625,0.04975922953451043,0.048138379847255344,0.05219954677772402,0.08113233310624653
MINNESOTA,2019,145845000.0,237,179794.11589166193,56.0,5706494.0,2485558.0,446888703107.44745,25.55772423488047,89450663174.4895,0.007854966400192046,0.26931818181818185,0.0898876404494382,0.050459820458631725,0.08113233310624653,0.07023827314608541
MINNESOTA,2020,5578000.0,87,189978.8190897932,214.0,5706494.0,2485558.0,472203373619.1882,0.9774828467356664,94443463762.63765,0.0003004216982431433,0.09886363636363636,0.3434991974317817,0.05331819150294235,0.07023827314608541,0.034468153965218885
MINNESOTA,2021,4203000.0,72,213952.80176762995,0.0,5706494.0,2485558.0,531792098055.9468,0.7365292945195421,106360521125.58936,0.00022636651088489264,0.08181818181818182,0.0,0.06004656999076188,0.034468153965218885,0.05395976208317067
MINNESOTA,2022,14226000.0,102,237993.26202661233,65.0,5706494.0,2485558.0,591546056376.3425,2.4929492609647887,118316324302.1685,0.0007661884329879807,0.1159090909090909,0.1043338683788122,0.0667936056342536,0.05395976208317067,0.04475880383105887
MINNESOTA,2023,3513500.0,88,243595.36784930513,26.0,5706494.0,2485558.0,605470415320.7832,0.6157020405173474,121095839834.35664,0.00018923120056960988,0.1,0.04173354735152488,0.06836585538559511,0.04475880383105887,0.0378226916189463
MINNESOTA,2025,23172000.0,67,258624.9767009483,2.0,5706494.0,2485558.0,642827379838.8556,4.06063688141966,128577061981.37112,0.0012480049465202789,0.07613636363636364,0.0032102728731942215,0.07258396541915348,0.0378226916189463,
MISSISSIPPI,2015,13865000.0,59,121176.46781108002,1.0,2961279.0,1319945.0,159946272804.89603,4.682098512163156,31996187072.879208,0.00074674558016156,0.06704545454545455,0.0016051364365971107,0.018060112400786893,0.019286336505051314,0.029074705806085614
MISSISSIPPI,2016,14074000.0,74,120152.80566861393,41.0,2961279.0,1319945.0,158595095078.2586,4.752676124066662,31726056034.551723,0.0007580019686400141,0.08409090909090909,0.06581059390048154,0.01790754603466545,0.029074705806085614,0.034948454478616185
MISSISSIPPI,2017,34629500.0,109,121150.02618334068,25.0,2961279.0,1319945.0,159911371310.5696,11.694102446949444,31999589036.41392,0.0018650866259073019,0.12386363636363637,0.04012841091492777,0.018056171546777376,0.034948454478616185,0.023405162914299726
MISSISSIPPI,2018,8686100.0,78,122803.08004805815,0.0,2961279.0,1319945.0,162093311494.03412,2.9332258122250554,32423005364.406822,0.00046781873666363694,0.08863636363636364,0.0,0.018302542307871823,0.023405162914299726,0.057422584474866714
MISSISSIPPI,2019,41503000.0,175,127042.22579920603,69.0,2961279.0,1319945.0,167688750732.53302,14.015227879575008,33558501688.40661,0.002235281775221437,0.19886363636363635,0.11075441412520064,0.018934343598436,0.057422584474866714,0.09075337656202817
MISSISSIPPI,2020,123601000.0,127,132770.68878291163,332.0,2961279.0,1319945.0,175250006805.5603,41.73905937265621,35111801919.71206,0.006656941972848826,0.14431818181818182,0.5329052969502408,0.01978811238076067,0.09075337656202817,0.06175866399018076
MISSISSIPPI,2021,7668000.0,99,149170.78663203365,202.0,2961279.0,1319945.0,196897233961.01965,2.5894216654357796,39383280832.20393,0.00041298558302768423,0.1125,0.32423756019261635,0.022232379125693504,0.06175866399018076,0.051758643525031234
MISSISSIPPI,2022,13616100.0,194,161341.38533951793,1.0,2961279.0,1319945.0,212961754871.97,4.598046992532619,42599159063.29401,0.0007333402447917646,0.22045454545454546,0.0016051364365971107,0.024046282308485732,0.051758643525031234,0.038202299349761465
MISSISSIPPI,2023,313226200.0,82,153851.47559391145,37.0,2961279.0,1319945.0,203075485952.80545,105.77395780674499,40771710310.66109,0.016869836310191188,0.09318181818181819,0.0593900481540931,0.022929987913040135,0.038202299349761465,0.03806064132065633
MISSISSIPPI,2025,32735000.0,121,155801.25822167718,18.0,2961279.0,1319945.0,205649091783.41168,11.054345098857622,41146185882.682335,0.0017630520423071523,0.1375,0.028892455858747994,0.023220583059528888,0.03806064132065633,
MISSOURI,2015,277720000.0,319,117836.45657303775,76.0,6154913.0,2786621.0,328365544452.015,45.12167759316826,65811968961.80301,0.014957532096824265,0.3625,0.12199036918138041,0.037076941758954485,0.1018051322845541,0.05946441770327426
MISSOURI,2016,4478000.0,123,118531.41001470017,126.0,6154913.0,2786621.0,330302116306.5738,0.7275488703089711,66062662298.514755,0.0002411775483565428,0.13977272727272727,0.20224719101123595,0.03729560709420862,0.05946441770327426,0.08023172477139665
MISSOURI,2017,35387000.0,260,122361.40470327756,55.0,6154913.0,2786621.0,340974859935.652,5.74939077124242,68212665544.6304,0.0019058843018519382,0.29545454545454547,0.08828250401284109,0.03850070519487555,0.08023172477139665,0.05801076001103217
MISSOURI,2018,6621000.0,201,129100.07768353677,0.0,6154913.0,2786621.0,359752987574.57495,1.0757260094496868,71953908055.11499,0.0003565959239992563,0.22840909090909092,0.0,0.040621011532047606,0.05801076001103217,0.1020426201417476
MISSOURI,2019,218556000.0,299,136096.71771342008,103.0,6154913.0,2786621.0,379249971611.2884,35.5091940373487,75959272392.35768,0.011771058566014419,0.3397727272727273,0.1653290529695024,0.0428224865461538,0.1020426201417476,0.10856198058840094
MISSOURI,2020,2492000.0,241,145852.86521288758,249.0,6154913.0,2786621.0,406436657112.40204,0.4048798090241081,81288577495.58041,0.0001342149286521895,0.27386363636363636,0.3996789727126806,0.045892233576482394,0.10856198058840094,0.06152291347326321
MISSOURI,2021,11730000.0,185,167954.84043540456,21.0,6154913.0,2786621.0,468026485408.9475,1.9057946066824991,93611162120.88951,0.0006317580710634762,0.21022727272727273,0.033707865168539325,0.05284656394176445,0.06152291347326321,0.06556686860135331
MISSOURI,2022,705000.0,202,189385.91956147007,11.0,6154913.0,2786621.0,527746780554.3033,0.11454264260112207,105549708652.36066,3.797011424550305e-05,0.22954545454545455,0.01765650080256822,0.05958979855435792,0.06556686860135331,0.05929202003992294
MISSOURI,2023,5352000.0,157,192786.67971866654,33.0,6154913.0,2786621.0,537223410224.31024,0.869549252767667,107447358079.56206,0.0002882497183573508,0.1784090909090909,0.052969502407704656,0.06065983909997118,0.05929202003992294,0.12576434920834556
MISSOURI,2025,1702894500.0,250,205722.96416746182,80.0,6154913.0,2786621.0,573271932131.2966,276.6723916325056,115505833734.25934,0.09171503363551602,0.2840909090909091,0.12841091492776885,0.06473020814393476,0.12576434920834556,
MONTANA,2015,60000.0,14,179508.38532802626,0.0,1084225.0,514803.0,92411455292.0239,0.05533906707556088,18482321061.20478,3.231499084723664e-06,0.015909090909090907,0.0,0.010434511792156976,0.006313464319099163,0.00841834310663772
MONTANA,2016,1535000.0,20,155760.35972590782,7.0,1084225.0,514803.0,80185900467.97653,1.4157577993497659,16037947598.295307,8.267251825084706e-05,0.022727272727272728,0.011235955056179775,0.009054080160882858,0.00841834310663772,0.011852594068374089
MONTANA,2017,83000.0,30,159729.11681992497,14.0,1084225.0,514803.0,82229028526.24783,0.07655237612119256,16445847212.649567,4.4702404005344016e-06,0.03409090909090909,0.02247191011235955,0.009284777142653675,0.011852594068374089,0.02306331748272783
MONTANA,2018,552000.0,77,171070.36417923952,16.0,1084225.0,514803.0,88067536690.56505,0.5091194170951602,17613783355.11301,2.9729791579457706e-05,0.0875,0.025682182985553772,0.009944024225135567,0.02306331748272783,0.01732491369747719
MONTANA,2019,804000.0,56,179814.82283114162,9.0,1084225.0,514803.0,92569210237.9402,0.7415434988125158,18514244059.688038,4.3302087735297095e-05,0.06363636363636363,0.014446227929373997,0.010452324473909829,0.01732491369747719,0.03258997978699842
MONTANA,2020,250000.0,31,194297.69234722733,138.0,1084225.0,514803.0,100025034913.42967,0.23057944614817036,20005132002.685936,1.3464579519681932e-05,0.035227272727272725,0.22150882825040127,0.011294188615652921,0.03258997978699842,0.014404568115353497
MONTANA,2021,3570000.0,36,241975.00750281027,12.0,1084225.0,514803.0,124569459787.46924,3.2926744909958727,24915676965.893852,0.000192274195541058,0.04090909090909091,0.019261637239165328,0.014065588438007865,0.014404568115353497,0.010515696559535338
MONTANA,2022,0.0,19,290961.08102099696,7.0,1084225.0,514803.0,149787637392.8523,0.0,29957527483.07046,0.0,0.02159090909090909,0.011235955056179775,0.016913064119118474,0.010515696559535338,0.016652029841333193
MONTANA,2023,5622000.0,37,290854.6429235189,19.0,1084225.0,514803.0,149732842740.9563,5.185270584980055,29949379557.49126,0.0003027914642386073,0.042045454545454546,0.030497592295345103,0.016906877056707768,0.016652029841333193,0.013207207382558633
MONTANA,2025,35100000.0,27,316088.58555697434,5.0,1084225.0,514803.0,162723352110.48706,32.37335423920312,32562220427.997414,0.0018904269645633434,0.03068181818181818,0.008025682182985553,0.018373682473570345,0.013207207382558633,
NEBRASKA,2015,250645000.0,82,123326.97276808668,28.0,1961504.0,844278.0,104122249914.69469,127.78204887678027,20949772502.13894,0.013499318134842711,0.09318181818181819,0.0449438202247191,0.011756819986521422,0.032057518908729064,0.02206098252284167
NEBRASKA,2016,2256000.0,82,118046.08570366463,0.0,1961504.0,844278.0,99663713145.71857,1.1501378534022872,19933870645.543716,0.00012150436558560977,0.09318181818181819,0.0,0.011253390467479293,0.02206098252284167,0.018003112106550784
NEBRASKA,2017,4319000.0,43,121767.39962935678,29.0,1961504.0,844278.0,102805536624.27408,2.2018818212963116,20563266836.354816,0.00023261407578202507,0.048863636363636366,0.04654895666131621,0.011608145124596923,0.018003112106550784,0.02284848594643275
NEBRASKA,2018,6416000.0,54,129233.36107435181,42.0,1961504.0,844278.0,109108883621.13159,3.2709594270518947,21824984739.22632,0.0003455549687931171,0.06136363636363636,0.06741573033707865,0.012319878841601203,0.02284848594643275,0.08146342169467613
NEBRASKA,2019,547932000.0,225,136928.50213488424,91.0,1961504.0,844278.0,115605721925.43579,279.3427900223502,23395110439.187157,0.029510695941513444,0.2556818181818182,0.14606741573033707,0.013053460362244676,0.08146342169467613,0.0448822431340585
NEBRASKA,2020,1682000.0,34,147327.39587232188,205.0,1961504.0,844278.0,124385279132.29218,0.8575052612689038,24877896853.758434,9.058969100842004e-05,0.038636363636363635,0.3290529695024077,0.014044791933805445,0.0448822431340585,0.0237449486487882
NEBRASKA,2021,5916200.0,73,167116.67037089486,14.0,1961504.0,844278.0,141092928227.39838,3.0161549504869734,28221543761.479675,0.000318636581417369,0.08295454545454546,0.02247191011235955,0.015931313046920668,0.0237449486487882,0.023508535800622586
NEBRASKA,2022,12255000.0,45,185760.61184048196,48.0,1961504.0,844278.0,156833597843.45844,6.247756823335563,31372847082.491688,0.0006600336880548083,0.05113636363636364,0.07704654895666131,0.017708649008206,0.023508535800622586,0.024262484168430368
NEBRASKA,2023,10144510.0,81,191415.97020163047,1.0,1961504.0,844278.0,161608292489.89215,5.171801841851966,32326730769.27843,0.0005463662463328343,0.09204545454545454,0.0016051364365971107,0.018247777057155374,0.024262484168430368,0.024532172339894194
NEBRASKA,2025,3886000.0,53,209182.98940780776,40.0,1961504.0,844278.0,176608595931.24512,1.981132845000571,35323662200.84902,0.00020929342405393597,0.060227272727272727,0.06420545746388442,0.019941515594765438,0.024532172339894194,
NEVADA,2015,8500.0,4,177340.03744790744,0.0,3104614.0,1281018.0,227175780091.44348,0.002737860487648384,45435160269.0887,4.577957036691857e-07,0.004545454545454545,0.0,0.02565123932704936,0.008604645825487183,0.010988631744706809
NEVADA,2016,30001000.0,6,192117.60569295453,4.0,3104614.0,1281018.0,246106111009.57724,9.66335911646343,49236222703.51545,0.0016158034006799105,0.006818181818181818,0.006420545746388443,0.02778873148719879,0.010988631744706809,0.016726728854930706
NEVADA,2017,17250000.0,20,205570.98914932134,18.0,3104614.0,1281018.0,263340137378.08533,5.556246283757014,52676652481.41707,0.0009290559868580533,0.022727272727272728,0.028892455858747994,0.029734687762860458,0.016726728854930706,0.012910304387132305
NEVADA,2018,0.0,13,225731.67507973107,1.0,3104614.0,1281018.0,289166338947.2869,0.0,57833267792.15739,0.0,0.014772727272727272,0.0016051364365971107,0.03265081762975713,0.012910304387132305,0.013488470201637253
NEVADA,2019,73000.0,11,242096.20835759884,3.0,3104614.0,1281018.0,310129600637.83453,0.023513390070392003,62025956630.06691,3.9316572197471245e-06,0.0125,0.004815409309791332,0.03501785535923407,0.013488470201637253,0.02712185753391154
NEVADA,2020,100000.0,3,261551.8766208821,94.0,3104614.0,1281018.0,335052661885.12915,0.032210123384098635,67010582387.02583,5.385831807872773e-06,0.003409090909090909,0.1508828250401284,0.03783200838452456,0.02712185753391154,0.016582420760362985
NEVADA,2021,200000.0,13,306557.3553704566,2.0,3104614.0,1281018.0,392705490261.95154,0.06442024676819727,78541198055.1903,1.0771663615745545e-05,0.014772727272727272,0.0032102728731942215,0.04434179784350604,0.016582420760362985,0.01595188575885339
NEVADA,2022,5000000.0,3,345717.7194125703,1.0,3104614.0,1281018.0,442870621486.45197,1.6105061692049318,88576624297.9904,0.00026929159039363866,0.003409090909090909,0.0016051364365971107,0.05000612432406013,0.01595188575885339,0.024217461690146172
NEVADA,2023,13233000.0,37,335540.31662351993,6.0,3104614.0,1281018.0,429833185320.4283,4.262365627417773,85973253572.08566,0.0007127071231358041,0.042045454545454546,0.009630818619582664,0.04853402023280891,0.024217461690146172,0.01624702127793612
NEVADA,2025,2000.0,3,347602.38262739714,3.0,3104614.0,1281018.0,445284908988.583,0.0006442024676819727,89056982798.61661,1.0771663615745546e-07,0.003409090909090909,0.004815409309791332,0.050278730261614474,0.01624702127793612,
NEW HAMPSHIRE,2015,0.0,3,198694.19718166476,3.0,1377529.0,638795.0,126924859688.66154,0.0,25384971938.632313,0.0,0.003409090909090909,0.004815409309791332,0.014331545163465447,0.005462822661836949,0.005525536596730253
NEW HAMPSHIRE,2016,0.0,4,205925.18812547007,1.0,1377529.0,638795.0,131543980548.60965,0.0,26308796110.621933,0.0,0.004545454545454545,0.0016051364365971107,0.014853106813265446,0.005525536596730253,0.011037178102234176
NEW HAMPSHIRE,2017,625000.0,25,217197.11710121986,4.0,1377529.0,638795.0,138744432418.67374,0.45371095635736164,27749198989.13475,3.366144879920483e-05,0.028409090909090908,0.006420545746388443,0.01566613588752489,0.011037178102234176,0.011400889766150397
NEW HAMPSHIRE,2018,50000.0,21,232082.93120686378,10.0,1377529.0,638795.0,148253416040.28854,0.03629687650858893,29650708213.25771,2.6929159039363863e-06,0.023863636363636365,0.016051364365971106,0.01673982963488146,0.011400889766150397,0.009737492096676065
NEW HAMPSHIRE,2019,45000.0,19,242983.74426236082,1.0,1377529.0,638795.0,155216800916.07477,0.03266718885773004,31043382687.114956,2.4236243135427478e-06,0.02159090909090909,0.0016051364365971107,0.017526090617030397,0.009737492096676065,0.012059270430576561
NEW HAMPSHIRE,2020,5000.0,14,261896.4530803339,20.0,1377529.0,638795.0,167298144745.45187,0.003629687650858893,33459631453.890377,2.6929159039363865e-07,0.015909090909090907,0.03210272873194221,0.018890238863093337,0.012059270430576561,0.007788117603034231
NEW HAMPSHIRE,2021,120000.0,2,316538.3686152451,3.0,1377529.0,638795.0,202203127179.5755,0.08711250362061343,40440685436.6151,6.462998169447328e-06,0.0022727272727272726,0.004815409309791332,0.022831486727472882,0.007788117603034231,0.0159401024423189
NEW HAMPSHIRE,2022,195000.0,35,368848.1394235973,0.0,1377529.0,638795.0,235618347223.09683,0.14155781838349682,47123766951.61937,1.0502372025351908e-05,0.03977272727272727,0.0,0.026604520129877678,0.0159401024423189,0.019142906194322754
NEW HAMPSHIRE,2023,550000.0,39,392898.4461419632,11.0,1377529.0,638795.0,250981562903.25537,0.39926564159447825,50196587589.55108,2.9622074943300252e-05,0.04431818181818182,0.01765650080256822,0.028339236401507494,0.019142906194322754,0.01080963777740518
NEW HAMPSHIRE,2025,0.0,6,436534.84814515954,0.0,1377529.0,638795.0,278856278320.8872,0.0,55771255665.37744,0.0,0.006818181818181818,0.0,0.03148667137922939,0.01080963777740518,
NEW JERSEY,2015,205000.0,21,290670.2594318372,4.0,9288994.0,3761229.0,1093277409212.5496,0.022069128260821354,218655584347.10992,1.1040955206139185e-05,0.023863636363636365,0.006420545746388443,0.12344590811256051,0.042452970663216724,0.04762734085850047
NEW JERSEY,2016,7010.0,30,298884.04555665824,17.0,9288994.0,3761229.0,1124171339785.0242,0.0007546565322358912,224834271469.70486,3.7754680973188137e-07,0.03409090909090909,0.027287319422150885,0.12693425359793226,0.04762734085850047,0.060043811944450944
NEW JERSEY,2017,170.0,92,307160.1326044678,0.0,9288994.0,3761229.0,1155299598395.7698,1.8301228313851857e-05,231059919782.55396,9.155914073383714e-09,0.10454545454545454,0.0,0.13044905790998135,0.060043811944450944,0.04877365662916224
NEW JERSEY,2018,0.0,32,318173.00462978706,6.0,9288994.0,3761229.0,1196721532030.6895,0.0,239344306413.1379,0.0,0.03636363636363636,0.009630818619582664,0.13512615831492236,0.04877365662916224,0.04485382121212526
NEW JERSEY,2019,117000.0,13,328838.7841587865,0.0,9288994.0,3761229.0,1236837971302.7686,0.012595551251298041,247367652763.15372,6.3014232152111445e-06,0.014772727272727272,0.0,0.1396558506276457,0.04485382121212526,0.054471681245429504
NEW JERSEY,2020,2000.0,7,345758.6025169606,55.0,9288994.0,3761229.0,1300477282786.2651,0.0002153085683982571,260095457564.15305,1.0771663615745546e-07,0.007954545454545454,0.08828250401284109,0.1468415955552728,0.054471681245429504,0.06326204767712572
NEW JERSEY,2021,5330000.0,24,393605.26166311814,47.0,9288994.0,3761229.0,1480439524719.9082,0.5737973347813552,296090569953.4816,0.0002870648353596188,0.02727272727272727,0.0754414125200642,0.16716178345476668,0.06326204767712572,0.0579293636786616
NEW JERSEY,2022,0.0,11,435053.370526392,0.0,9288994.0,3761229.0,1636335353771.6108,0.0,327267070756.5222,0.0,0.0125,0.0,0.18476454559553865,0.0579293636786616,0.0662882139664334
NEW JERSEY,2023,100000.0,34,458355.7149091602,1.0,9288994.0,3761229.0,1723980807232.0657,0.010765428419912857,344796211453.3132,5.385831807872773e-06,0.038636363636363635,0.0016051364365971107,0.19466091087592607,0.0662882139664334,0.06758120021666934
NEW JERSEY,2025,365000.0,7,516622.30472553143,1.0,9288994.0,3761229.0,1943134794580.5059,0.039293813732681926,388627141417.6012,1.965828609873562e-05,0.007954545454545454,0.0016051364365971107,0.21940638055887016,0.06758120021666934,
NEW MEXICO,2015,135000.0,11,175937.98499303515,0.0,2117522.0,940859.0,165532836622.56204,0.06375376501401166,33106634826.71241,7.270872940628243e-06,0.0125,0.0,0.01869091153547063,0.00811018180981744,0.009268564486640176
NEW MEXICO,2016,10500000.0,14,168775.52075277417,3.0,2117522.0,940859.0,158793967679.93436,4.958626167756463,31764043539.086872,0.0005655123398266412,0.015909090909090907,0.004815409309791332,0.017930001459707346,0.009268564486640176,0.010501429034499441
NEW MEXICO,2017,130500.0,21,169587.00595175667,2.0,2117522.0,940859.0,159557460832.76382,0.06162863951354461,31911557420.952766,7.028510509273969e-06,0.023863636363636365,0.0032102728731942215,0.01801621023416345,0.010501429034499441,0.009604592861065932
NEW MEXICO,2018,800000.0,16,176650.04301968138,2.0,2117522.0,940859.0,166202782825.4544,0.37780008897192097,33240956568.490883,4.308665446298218e-05,0.01818181818181818,0.0032102728731942215,0.018766557585325604,0.009604592861065932,0.011200401135915573
NEW MEXICO,2019,6070000.0,22,185408.9308288354,1.0,2117522.0,940859.0,174443661250.68726,2.8665581750744504,34891767254.63745,0.0003269199907378773,0.025,0.0016051364365971107,0.0196970649865357,0.011200401135915573,0.032639421227083784
NEW MEXICO,2020,25000.0,9,199426.44140386334,151.0,2117522.0,940859.0,187632162232.79745,0.01180625278037253,37526444963.459496,1.3464579519681932e-06,0.010227272727272727,0.24237560192616373,0.021186226352773598,0.032639421227083784,0.014375460878826813
NEW MEXICO,2021,593000.0,31,224554.49415223114,1.0,2117522.0,940859.0,211274116813.57404,0.2800443159504364,42255119869.01482,3.1937982620685546e-05,0.035227272727272725,0.0016051364365971107,0.023855724988880944,0.014375460878826813,0.01968822740050661
NEW MEXICO,2022,174950000.0,27,241481.11182968036,13.0,2117522.0,940859.0,227199677394.96124,82.62015695704696,45527410485.692245,0.009422512747873417,0.03068181818181818,0.02086677367576244,0.025653937658057877,0.01968822740050661,0.01235840843781916
NEW MEXICO,2023,2160000.0,18,242837.9530616177,3.0,2117522.0,940859.0,228476273679.6006,1.0200602402241865,45696334739.82012,0.00011633396705005189,0.020454545454545454,0.004815409309791332,0.025798082763703052,0.01235840843781916,0.018247912186192587
NEW MEXICO,2025,6160000.0,37,244109.52161027023,12.0,2117522.0,940859.0,229672640392.71722,2.9090606850837912,45937608087.14345,0.0003317672393649628,0.042045454545454546,0.019261637239165328,0.025933168858130535,0.018247912186192587,
NEW YORK,2015,45000.0,14,197345.62270755833,0.0,20201249.0,8488066.0,1675082670352.8538,0.002227585036944993,335016556573.3708,2.4236243135427478e-06,0.015909090909090907,0.0,0.18913964531130206,0.05992468122493422,0.06478626275902426
NEW YORK,2016,118000.0,25,205553.6219615169,0.0,20201249.0,8488066.0,1744752709748.405,0.00584122298576687,348950600954.681,6.355281533289872e-06,0.028409090909090908,0.0,0.19700634154864255,0.06478626275902426,0.08284801125742475
NEW YORK,2017,1890000.0,68,214152.35670592383,36.0,20201249.0,8488066.0,1817739337775.424,0.0935585715516897,363548812572.28485,0.00010179222116879541,0.07727272727272727,0.05778491171749599,0.20524752580887393,0.08284801125742475,0.07824443708325926
NEW YORK,2018,1882000.0,55,224607.21921786366,7.0,20201249.0,8488066.0,1906480900797.695,0.09316255643401058,381297121171.2391,0.00010136135462416558,0.0625,0.011235955056179775,0.21526765678597207,0.07824443708325926,0.10181789085591803
NEW YORK,2019,24258500.0,140,231589.4096605068,18.0,20201249.0,8488066.0,1965746194099.4192,1.2008415915273358,393161368099.68384,0.0013065220091128167,0.1590909090909091,0.028892455858747994,0.22195951549405432,0.10181789085591803,0.10348263876677827
NEW YORK,2020,17175000.0,53,240245.87309329797,137.0,20201249.0,8488066.0,2039222827043.5374,0.850194955767339,407853152933.0075,0.0009250166130021488,0.060227272727272727,0.21990369181380418,0.23025602798247483,0.10348263876677827,0.10509483726430219
NEW YORK,2021,2835500.0,79,267687.05131883407,63.0,20201249.0,8488066.0,2272145358939.6504,0.1403626082723895,454430489560.0301,0.00015271526091223248,0.08977272727272727,0.10112359550561797,0.2565561538494335,0.10509483726430219,0.10155629414290168
NEW YORK,2022,6715000.0,66,293278.2001342717,13.0,20201249.0,8488066.0,2489364719100.907,0.33240518940190283,497876301334.68146,0.0003616586058986567,0.075,0.02086677367576244,0.28108317777655323,0.10155629414290168,0.12203780451168866
NEW YORK,2023,7503000.0,149,298287.788337275,14.0,20201249.0,8488066.0,2531886434400.8203,0.3714126784932951,506381038411.3641,0.00040409896054469416,0.1693181818181818,0.02247191011235955,0.28588445850866157,0.12203780451168866,0.0990540540398608
NEW YORK,2025,884000.0,24,325468.42954758165,0.0,20201249.0,8488066.0,2762597510916.223,0.04375967050354164,552519944188.0447,4.761075318159531e-05,0.02727272727272727,0.0,0.31193488094680905,0.0990540540398608,
NORTH CAROLINA,2015,1061000.0,118,143319.8741192445,0.0,10439388.0,4708710.0,674851724464.0277,0.1016343103637876,134970875416.40555,5.7143675481530124e-05,0.1340909090909091,0.0,0.0761999500454263,0.04970102430200232,0.07583799874965944
NORTH CAROLINA,2016,797968500.0,69,148609.18217337763,120.0,10439388.0,4708710.0,699757542191.605,76.43824523046753,140350492714.121,0.04297724128980525,0.07840909090909091,0.1926163723916533,0.07901215604251277,0.07583799874965944,0.04290901296238445
NORTH CAROLINA,2017,40374000.0,76,155272.6740816053,0.0,10439388.0,4708710.0,731133993174.7958,3.867468092957173,146246985650.15918,0.0021744757341105535,0.08636363636363636,0.0,0.08255498465337653,0.04290901296238445,0.09804669713802014
NORTH CAROLINA,2018,664969310.0,144,163721.79875084243,155.0,10439388.0,4708710.0,770918470996.0792,63.698112379767856,154516178898.51584,0.03581412861057211,0.16363636363636364,0.24879614767255218,0.0870471939975445,0.09804669713802014,0.06830959339674192
NORTH CAROLINA,2019,11771000.0,73,171708.42655727657,150.0,10439388.0,4708710.0,808525185214.5138,1.1275565195967427,161710922572.50278,0.0006339662621047041,0.08295454545454546,0.24077046548956663,0.09129350417344757,0.06830959339674192,0.11715941436379926
NORTH CAROLINA,2020,12463800.0,143,183913.01595576108,343.0,10439388.0,4708710.0,865993057361.0518,1.1939205631594496,173204843435.11035,0.0006712793048696467,0.1625,0.550561797752809,0.09778240955523497,0.11715941436379926,0.050324371756173616
NORTH CAROLINA,2021,4797500.0,47,217699.58425543262,30.0,10439388.0,4708710.0,1025084209379.3982,0.4595575909239124,205019240638.27963,0.0002583852809826963,0.053409090909090906,0.048154093097913325,0.11574596717390341,0.050324371756173616,0.06506888711191205
NORTH CAROLINA,2022,3566500.0,36,254529.97279666105,101.0,10439388.0,4708710.0,1198507828207.366,0.3416388010484906,239703348908.7732,0.00019208569142778245,0.04090909090909091,0.16211878009630817,0.13532785547963982,0.06506888711191205,0.05774366636970098
NORTH CAROLINA,2023,300634000.0,39,265846.4618235181,0.0,10439388.0,4708710.0,1251793893253.0178,28.798048314709636,250509095658.40356,0.016191641597280232,0.04431818181818182,0.0,0.1413445778905084,0.05774366636970098,0.052435116753105755
NORTH CAROLINA,2025,2656000.0,26,279258.5380109133,12.0,10439388.0,4708710.0,1314947470517.3674,0.2544210446052968,262990822109.8735,0.00014304769281710085,0.029545454545454545,0.019261637239165328,0.14847547680990492,0.052435116753105755,
NORTH DAKOTA,2015,1220000.0,36,211322.55748354548,0.0,779094.0,370642.0,78325015350.81627,1.565921442085294,15665613077.363255,6.570714805604784e-05,0.04090909090909091,0.0,0.008843960889007976,0.010861289307742994,0.0077906810944201755
NORTH DAKOTA,2016,1180000.0,23,202146.96460208172,0.0,779094.0,370642.0,74924155254.04477,1.5145797554595466,14985421055.408955,6.355281533289872e-05,0.026136363636363635,0.0,0.00845995747004763,0.0077906810944201755,0.013142411398581216
NORTH DAKOTA,2017,6281000.0,39,189389.18692275934,11.0,779094.0,370642.0,70195587019.42537,8.061928342407976,14042257912.785074,0.00033828409585248887,0.04431818181818182,0.01765650080256822,0.007926037721156784,0.013142411398581216,0.008988623912272207
NORTH DAKOTA,2018,4111000.0,29,183920.42986919015,0.0,779094.0,370642.0,68168635967.57638,5.276641842961183,13635782699.315275,0.0002214115456216497,0.03295454545454545,0.0,0.007697167343714857,0.008988623912272207,0.011177891515222659
NORTH DAKOTA,2019,6080000.0,25,184412.69534250844,19.0,779094.0,370642.0,68351090227.13801,7.803936367113596,13673258052.327602,0.0003274585739186646,0.028409090909090908,0.030497592295345103,0.007717768914341669,0.011177891515222659,0.03418346881521646
NORTH DAKOTA,2020,2014000.0,26,190224.03892979896,161.0,779094.0,370642.0,70505018237.01854,2.5850539216063786,14102010668.703709,0.00010847065261055765,0.029545454545454545,0.25842696629213485,0.007960976719559466,0.03418346881521646,0.0073645620501190875
NORTH DAKOTA,2021,160000.0,15,199710.84843869167,9.0,779094.0,370642.0,74021228287.01355,0.20536674650298936,14804325661.30271,8.617330892596437e-06,0.017045454545454544,0.014446227929373997,0.008358004719112466,0.0073645620501190875,0.012932891366894801
NORTH DAKOTA,2022,315000.0,17,210425.3041638543,40.0,779094.0,370642.0,77992455585.89929,0.4043157821777603,15598648624.579859,1.6965370194799234e-05,0.019318181818181818,0.06420545746388442,0.00880641036264025,0.012932891366894801,0.01883564939914646
NORTH DAKOTA,2023,11161000.0,51,199910.90921383255,28.0,779094.0,370642.0,74095379212.83333,14.325614110749152,14824656355.566666,0.0006011126880766802,0.05795454545454545,0.0449438202247191,0.008366377368449291,0.01883564939914646,0.0274922999475861
NORTH DAKOTA,2025,6005000.0,91,199739.35742550407,26.0,779094.0,370642.0,74031794914.90369,7.70767070469032,14809361503.780737,0.00032341920006276,0.10340909090909091,0.04173354735152488,0.008359197835301087,0.0274922999475861,
OHIO,2015,14748000.0,123,117189.36598967794,0.0,11799448.0,5242524.0,614368063745.6704,1.2498889778572693,122880986773.7341,0.0007943024750250766,0.13977272727272727,0.0,0.06937052106387673,0.0490834227637185,0.03293571166036713
OHIO,2016,1303500.0,50,121316.03398664808,0.0,11799448.0,5242524.0,636002219759.8182,0.11047126950345473,127201095711.96365,7.02043176156216e-05,0.056818181818181816,0.0,0.07181331189894838,0.03293571166036713,0.06291689530150923
OHIO,2017,39037000.0,175,125591.08297667855,0.0,11799448.0,5242524.0,658414266691.2288,3.3083751036489164,131702371873.24576,0.0021024671628392944,0.19886363636363635,0.0,0.07434393721215414,0.06291689530150923,0.0916425786640171
OHIO,2018,3453500.0,284,132282.1784437165,22.0,11799448.0,5242524.0,693492495263.4663,0.2926831831455166,138700225861.69327,0.00018599970148488622,0.32272727272727275,0.03531300160513644,0.07830474692484982,0.0916425786640171,0.12265080437735074
OHIO,2019,623273850.0,348,139851.0785063844,33.0,11799448.0,5242524.0,733172635495.6044,52.822288805374626,146946164097.02087,0.033568481263453236,0.39545454545454545,0.052969502407704656,0.08278517513429956,0.12265080437735074,0.09549335541352229
OHIO,2020,17442500.0,177,150011.57742918414,176.0,11799448.0,5242524.0,786439294950.3561,1.4782471180007744,157296580293.07123,0.0009394237130882085,0.20113636363636364,0.2825040128410915,0.08879970638968375,0.09549335541352229,0.059475525255706735
OHIO,2021,4400500.0,127,171844.2780812046,0.0,11799448.0,5242524.0,900897752103.389,0.37294117487529926,180181750696.07782,0.0002370035287054414,0.14431818181818182,0.0,0.10172362493529397,0.059475525255706735,0.08067087086259106
OHIO,2022,8174700.0,206,189635.63862589156,0.0,11799448.0,5242524.0,994169386751.5635,0.6928035955580295,198837964741.51273,0.0004402755927981756,0.2340909090909091,0.0,0.1122552626909666,0.08067087086259106,0.06289359683494178
OHIO,2023,10070700.0,122,196802.81971280425,0.0,11799448.0,5242524.0,1031743505612.0494,0.8534890784721455,206353736496.8099,0.0005423909638754433,0.13863636363636364,0.0,0.11649789240706294,0.06289359683494178,0.08638985028424735
OHIO,2025,2524500.0,211,216126.17096269492,0.0,11799448.0,5242524.0,1133046638300.0312,0.21395068650669083,226610589952.20627,0.00013596532398974816,0.23977272727272728,0.0,0.12793639566701998,0.08638985028424735,
OKLAHOMA,2015,60135000.0,295,99104.00072541568,86.0,3959353.0,1746807.0,173115562195.1612,15.188087548647468,34653180006.63224,0.003238769957664292,0.3352272727272727,0.13804173354735153,0.01954710451667569,0.08800926723825812,0.040426638646974156
OKLAHOMA,2016,16099000.0,113,99554.21705828437,53.0,3959353.0,1746807.0,173902003236.93054,4.066068370261505,34788450175.28611,0.0008670650627494377,0.12840909090909092,0.08507223113964688,0.019635904420305026,0.040426638646974156,0.06096016486377635
OKLAHOMA,2017,78860000.0,196,99499.82947150485,55.0,3959353.0,1746807.0,173806998619.63098,19.917395594684283,34800829768.6262,0.004247266963688469,0.22272727272727272,0.08828250401284109,0.019625177105207683,0.06096016486377635,0.03881170932198995
OKLAHOMA,2018,2680000.0,138,103195.43628754659,8.0,3959353.0,1746807.0,180262510475.14038,0.6768782677371783,36053842123.42808,0.0001443402924509903,0.15681818181818183,0.012841091492776886,0.020354092306985008,0.03881170932198995,0.08353148627317819
OKLAHOMA,2019,9378000.0,280,107660.91788464141,83.0,3959353.0,1746807.0,188062844987.3168,2.368568804044499,37617258061.76337,0.0005050833069423086,0.3181818181818182,0.1332263242375602,0.02123485630093868,0.08353148627317819,0.07054497766407244
OKLAHOMA,2020,3712000.0,90,115465.96634107547,269.0,3959353.0,1746807.0,201696758266.355,0.9375269141195544,40341207698.171005,0.00019992207670823734,0.10227272727272728,0.4317817014446228,0.022774310781271363,0.07054497766407244,0.06596096594478701
OKLAHOMA,2021,4821000.0,146,131747.10758242352,155.0,3959353.0,1746807.0,230136769754.73047,1.2176231823734838,46029764495.646095,0.00025965095145754637,0.16590909090909092,0.24879614767255218,0.025985575383768614,0.06596096594478701,0.046268733403357874
OKLAHOMA,2022,40454000.0,155,150170.93226500085,8.0,3959353.0,1746807.0,262319635677.02936,10.21732591158202,52484154167.20588,0.0021787843995568516,0.17613636363636365,0.012841091492776886,0.02961945922328238,0.046268733403357874,0.045662551643320545
OKLAHOMA,2023,65065370.0,132,154202.48062071484,32.0,3959353.0,1746807.0,269361972565.62903,16.433333931074092,53904927227.72581,0.003504311393370109,0.15,0.051364365971107544,0.03041463496287251,0.045662551643320545,0.0581206682990387
OKLAHOMA,2025,77889100.0,181,161020.50455858588,36.0,3959353.0,1746807.0,281271744506.4697,19.672178762540245,56293293491.09395,0.004194975922665832,0.2056818181818182,0.05778491171749599,0.031759410406197106,0.0581206682990387,
OREGON,2015,9794000.0,69,206192.37324012455,6.0,4237256.0,1813747.0,373980798387.1562,2.311401529669201,74801056691.83124,0.0005274883672630594,0.07840909090909091,0.009630818619582664,0.04222752513180986,0.02952415293022463,0.023579220774015197
OREGON,2016,1000000.0,33,219558.4978294699,16.0,4237256.0,1813747.0,398223566762.7076,0.23600178983757414,79645213360.74152,5.385831807872773e-05,0.0375,0.025682182985553772,0.04496486382742776,0.023579220774015197,0.0334093195759213
OREGON,2017,315000.0,75,237494.48764241434,11.0,4237256.0,1813747.0,430754914477.96606,0.07434056379883586,86151140411.69322,1.6965370194799234e-05,0.08522727272727272,0.01765650080256822,0.048638096007106696,0.0334093195759213,0.02862157776315829
OREGON,2018,110200.0,51,256257.10183003728,8.0,4237256.0,1813747.0,464785549672.9246,0.02600739724010067,92957165045.58493,5.935186652275796e-06,0.05795454545454545,0.012841091492776886,0.05248061816103533,0.02862157776315829,0.03028982771245784
OREGON,2019,17139000.0,50,270687.85084658605,12.0,4237256.0,1813747.0,490959277409.44293,4.044834676026183,98200424993.0886,0.0009230777135513146,0.056818181818181816,0.019261637239165328,0.055435988464948065,0.03028982771245784,0.05901676420544244
OREGON,2020,50619000.0,78,291143.853715616,139.0,4237256.0,1813747.0,528061291245.1373,11.946174599788165,105637567778.52747,0.002726254202827119,0.08863636363636364,0.2231139646869984,0.059625311094463444,0.05901676420544244,0.03703790867388154
OREGON,2021,60000.0,61,348432.14131370385,11.0,4237256.0,1813747.0,631967751011.3064,0.014160107390254448,126393580215.5613,3.231499084723664e-06,0.06931818181818182,0.01765650080256822,0.07135776543451489,0.03703790867388154,0.031940555630065176
OREGON,2022,600000.0,32,396065.4759274592,2.0,4237256.0,1813747.0,718362568767.0013,0.14160107390254448,143672813760.00027,3.231499084723664e-05,0.03636363636363636,0.0032102728731942215,0.08111291691226528,0.031940555630065176,0.03624053985418411
OREGON,2023,114000.0,50,394413.722766302,4.0,4237256.0,1813747.0,715366706426.2119,0.02690420404148345,143073398295.6424,6.139848260974961e-06,0.056818181818181816,0.006420545746388443,0.08077464325534837,0.03624053985418411,0.036880092016697785
OREGON,2025,1060000.0,42,405346.5778553788,15.0,4237256.0,1813747.0,735196139545.4597,0.25016189722782856,147039757918.99194,5.7089817163451396e-05,0.04772727272727273,0.024077046548956663,0.083013656298274,0.036880092016697785,
PENNSYLVANIA,2015,5449500.0,58,144009.25574113242,0.0,13002700.0,5742828.0,827020386129.336,0.4191052627531205,165406801987.46722,0.00029350090437002676,0.0659090909090909,0.0,0.09338186423047919,0.041313777812709944,0.04356651331943901
PENNSYLVANIA,2016,8864000.0,47,145784.31372218914,27.0,13002700.0,5742828.0,837214238804.572,0.6817045690510433,167447279773.01443,0.0004774001314498426,0.053409090909090906,0.04333868378812199,0.09453288902076232,0.04356651331943901,0.055999757560754745
PENNSYLVANIA,2017,2277020.0,119,148587.8565207646,0.0,13002700.0,5742828.0,853314502887.4294,0.17511901374329947,170664039111.2859,0.00012263646743162463,0.13522727272727272,0.0,0.09635082809442516,0.055999757560754745,0.07686054617527191
PENNSYLVANIA,2018,8049500.0,198,153811.825771707,11.0,13002700.0,5742828.0,883314859772.8805,0.6190637329170096,176666996745.27612,0.00043353253137471884,0.225,0.01765650080256822,0.09973827694155067,0.07686054617527191,0.04961057240084808
PENNSYLVANIA,2019,8884000.0,82,158239.5298436054,0.0,13002700.0,5742828.0,908742402692.6927,0.683242711129227,181752922554.93857,0.0004784772978114172,0.09318181818181819,0.0,0.10260939281786625,0.04961057240084808,0.060227606962460094
PENNSYLVANIA,2020,5545000.0,25,169212.90928651477,134.0,13002700.0,5742828.0,971760633412.057,0.426449891176448,194354899200.8114,0.00029864437374654525,0.028409090909090908,0.21508828250401285,0.10972500926914003,0.060227606962460094,0.05471970717466273
PENNSYLVANIA,2021,15641000.0,67,190552.7031608013,13.0,13002700.0,5742828.0,1094311399187.5382,1.202904012243611,218870100352.20767,0.0008423979530693804,0.07613636363636364,0.02086677367576244,0.12356265966195336,0.05471970717466273,0.04655948685943059
PENNSYLVANIA,2022,1137000.0,28,206501.44753677677,0.0,13002700.0,5742828.0,1185902294954.7327,0.08744337714474686,237181027496.54654,6.123690765551343e-05,0.031818181818181815,0.0,0.13390451910910675,0.04655948685943059,0.05742267178551563
PENNSYLVANIA,2023,2025000.0,70,213176.9195361379,0.0,13002700.0,5742828.0,1224238382465.8796,0.1557368854161059,244848689007.17593,0.00010906309410942366,0.07954545454545454,0.0,0.1382331854626032,0.05742267178551563,0.06138330560230454
PENNSYLVANIA,2025,2997000.0,75,227587.479151736,0.0,13002700.0,5742828.0,1306995747722.0059,0.23049059041583672,261400648059.40118,0.000161413379281947,0.08522727272727272,0.0,0.14757761901712405,0.06138330560230454,
PUERTO RICO,2015,0.0,28,,0.0,3285874.0,1598159.0,,0.0,,0.0,0.031818181818181815,0.0,,,
PUERTO RICO,2016,1010500.0,79,,0.0,3285874.0,1598159.0,,0.30752852970016503,,5.442383041855437e-05,0.08977272727272727,0.0,,,
PUERTO RICO,2017,0.0,36,,0.0,3285874.0,1598159.0,,0.0,,0.0,0.04090909090909091,0.0,,,
PUERTO RICO,2018,0.0,41,,0.0,3285874.0,1598159.0,,0.0,,0.0,0.04659090909090909,0.0,,,
PUERTO RICO,2019,100000.0,63,,0.0,3285874.0,1598159.0,,0.030433303285518555,,5.385831807872773e-06,0.0715909090909091,0.0,,,
PUERTO RICO,2020,0.0,31,,0.0,3285874.0,1598159.0,,0.0,,0.0,0.035227272727272725,0.0,,,
PUERTO RICO,2021,500.0,60,,0.0,3285874.0,1598159.0,,0.0001521665164275928,,2.6929159039363865e-08,0.06818181818181818,0.0,,,
PUERTO RICO,2022,162800.0,121,,0.0,3285874.0,1598159.0,,0.04954541774882421,,8.768134183216875e-06,0.1375,0.0,,,
PUERTO RICO,2023,669400.0,73,,0.0,3285874.0,1598159.0,,0.20372053219326122,,3.605275812190034e-05,0.08295454545454546,0.0,,,
PUERTO RICO,2025,454700.0,128,,0.0,3285874.0,1598159.0,,0.13838023003925287,,2.44893772303975e-05,0.14545454545454545,0.0,,,
RHODE ISLAND,2015,20000.0,5,273512.4104973259,5.0,1097379.0,483474.0,132236139152.78413,0.018225243967672063,26447237832.056828,1.0771663615745546e-06,0.005681818181818182,0.008025682182985553,0.01493126094572098,0.006418741004923116,0.00744132956148701
RHODE ISLAND,2016,30000.0,12,287802.5018813428,0.0,1097379.0,483474.0,139145026794.58032,0.027337865951508094,27829020361.316067,1.615749542361832e-06,0.013636363636363636,0.0,0.015711368447991127,0.00744132956148701,0.00616582000603979
RHODE ISLAND,2017,0.0,5,307100.3715319125,0.0,1097379.0,483474.0,148475045026.01987,0.0,29695009006.203976,0.0,0.005681818181818182,0.0,0.016764854565587177,0.00616582000603979,0.008097151850088918
RHODE ISLAND,2018,1010000.0,12,326558.10678983474,0.0,1097379.0,483474.0,157882354122.10855,0.9203748203674391,31576975826.821712,5.439690125951501e-05,0.013636363636363636,0.0,0.017827067874374616,0.008097151850088918,0.007372780928184118
RHODE ISLAND,2019,5000.0,8,339159.19439288985,0.0,1097379.0,483474.0,163974652349.90802,0.004556310991918016,32794932971.581604,2.6929159039363865e-07,0.00909090909090909,0.0,0.018514971311220475,0.007372780928184118,0.009540291708292742
RHODE ISLAND,2020,0.0,7,357978.8406662088,13.0,1097379.0,483474.0,173073462012.25464,0.0,34614692405.150925,0.0,0.007954545454545454,0.02086677367576244,0.019542350832691357,0.009540291708292742,0.009452358656321947
RHODE ISLAND,2021,116000.0,7,421064.1622546929,6.0,1097379.0,483474.0,203573574781.9254,0.10570641501249796,40714772958.385086,6.247564897132417e-06,0.007954545454545454,0.009630818619582664,0.02298622892498579,0.009452358656321947,0.010157286542235605
RHODE ISLAND,2022,8300.0,6,478126.33217092446,6.0,1097379.0,483474.0,231161650320.00552,0.007563476246583906,46232334215.80111,4.470240400534402e-07,0.006818181818181818,0.009630818619582664,0.026101298356749843,0.010157286542235605,0.010904961602313855
RHODE ISLAND,2023,285000.0,11,503033.98529312934,1.0,1097379.0,483474.0,243203853005.6104,0.2597097265393269,48640913103.42209,1.5349620652437405e-05,0.0125,0.0016051364365971107,0.027461027034643894,0.010904961602313855,
SOUTH CAROLINA,2015,30207500.0,71,138505.11046068172,83.0,5118425.0,2344963.0,324789359341.2116,5.9017178135852335,64972975640.742325,0.001626925143363168,0.08068181818181819,0.1332263242375602,0.03667314175827605,0.041111708644947745,0.029501155601158374
SOUTH CAROLINA,2016,562100.0,26,145296.82354185483,75.0,5118425.0,2344963.0,340715675223.1785,0.10981893844297806,68143416107.33571,3.0273760592052857e-05,0.029545454545454545,0.12038523274478331,0.038471439711174366,0.029501155601158374,0.040669592873837083
SOUTH CAROLINA,2017,3239400.0,60,149498.16758257765,94.0,5118425.0,2344963.0,350567671548.94403,0.632890000341902,70115154031.1888,0.00017446863558423062,0.06818181818181818,0.1508828250401284,0.039583864264089726,0.040669592873837083,0.03080365919823806
SOUTH CAROLINA,2018,92000.0,34,157118.943429001,66.0,5118425.0,2344963.0,368438108940.10046,0.017974279197213987,73687667801.42009,4.954965263242951e-06,0.038636363636363635,0.10593900481540931,0.04160168001106367,0.03080365919823806,0.02932658881918541
SOUTH CAROLINA,2019,713000.0,30,163945.2545622103,59.0,5118425.0,2344963.0,384445555973.96436,0.13930066377840838,76889467706.69287,3.840098079013287e-05,0.03409090909090909,0.09470304975922954,0.04340913877588195,0.02932658881918541,0.05620205055005895
SOUTH CAROLINA,2020,118863600.0,94,175985.5149159698,114.0,5118425.0,2344963.0,412679521013.8973,23.222690573760485,82595336032.97946,0.006401793576782662,0.10681818181818181,0.18298555377207062,0.046597137928341525,0.05620205055005895,0.022876416714107815
SOUTH CAROLINA,2021,1781000.0,30,201676.50723737254,0.0,5118425.0,2344963.0,472923947440.87085,0.3479586005460664,94585679994.17418,9.592166449821408e-05,0.03409090909090909,0.0,0.05339955410042237,0.022876416714107815,0.04041813181907059
SOUTH CAROLINA,2022,300000.0,32,231283.92448282323,92.0,5118425.0,2344963.0,542352245407.0146,0.05861177999091517,108470599097.00293,1.615749542361832e-05,0.03636363636363636,0.1476725521669342,0.06123895443826818,0.04041813181907059,0.03189968779337979
SOUTH CAROLINA,2023,509000.0,25,236969.06045261628,46.0,5118425.0,2344963.0,555683678906.1484,0.09944465338458608,111136990290.8297,2.7413883902072415e-05,0.028409090909090908,0.0738362760834671,0.06274425483218021,0.03189968779337979,0.025387523716974617
SOUTH CAROLINA,2025,35000.0,22,242506.99937976347,7.0,5118425.0,2344963.0,568669940786.5682,0.0068380409989401035,113734005662.41367,1.8850411327554705e-06,0.025,0.011235955056179775,0.06421058064967845,0.025387523716974617,
SOUTH DAKOTA,2015,2581000.0,73,174517.66495385498,15.0,886667.0,393375.0,68650886451.2227,2.910901161315353,13731467806.344542,0.00013900831896119628,0.08295454545454546,0.024077046548956663,0.007751619990764722,0.021379703070618653,0.007371985845489714
SOUTH DAKOTA,2016,135000.0,23,160733.18331107753,0.0,886667.0,393375.0,63228415984.995125,0.1522555818588038,12645750701.599026,7.270872940628243e-06,0.026136363636363635,0.0,0.007139349230135784,0.007371985845489714,0.011230245699664227
SOUTH DAKOTA,2017,0.0,20,164380.7304881247,28.0,886667.0,393375.0,64663269855.76606,0.0,12932653977.953213,0.0,0.022727272727272728,0.0449438202247191,0.007301363772459236,0.011230245699664227,0.05267633786779143
SOUTH DAKOTA,2018,21000.0,221,171711.93906124702,1.0,886667.0,393375.0,67547184028.21805,0.023684201622480593,13509447349.94361,1.1310246796532823e-06,0.25113636363636366,0.0016051364365971107,0.007626996956623756,0.05267633786779143,0.22104356053640956
SOUTH DAKOTA,2019,1037371700.0,777,177185.4849712204,123.0,886667.0,393375.0,69700340150.55383,1169.9676428693072,14458754047.810768,0.05587109498447052,0.8829545454545454,0.19743178170144463,0.007870117605225931,0.22104356053640956,0.08706462879492903
SOUTH DAKOTA,2020,225000.0,170,188853.6270775924,286.0,886667.0,393375.0,74290295551.6479,0.2537593030980064,14858171672.929583,1.2118121567713739e-05,0.19318181818181818,0.4590690208667737,0.008388386077536468,0.08706462879492903,0.009091808807305157
SOUTH DAKOTA,2021,75000.0,26,214636.24678502465,2.0,886667.0,393375.0,84432533579.05907,0.08458643436600212,16886544221.211813,4.03937385590458e-06,0.029545454545454545,0.0032102728731942215,0.009533582871174874,0.009091808807305157,0.031386471393728944
SOUTH DAKOTA,2022,1590000.0,104,241757.52711612708,28.0,886667.0,393375.0,95101367229.30649,1.7932324085592448,19021068469.461296,8.563472574517709e-05,0.11818181818181818,0.0449438202247191,0.010738239481984425,0.031386471393728944,0.04115397900090067
SOUTH DAKOTA,2023,6239000.0,145,243869.58055960748,30.0,886667.0,393375.0,95932196252.63559,7.036463520126496,19189558782.52712,0.0003360220464931823,0.16477272727272727,0.048154093097913325,0.010832051393222035,0.04115397900090067,0.027405733372043776
SOUTH DAKOTA,2025,1065000.0,105,252051.3829244624,1.0,886667.0,393375.0,99150712757.9104,1.20112736799723,19830675072.68208,5.735910875384503e-05,0.11931818181818182,0.0016051364365971107,0.011195465737487215,0.027405733372043776,
TENNESSEE,2015,9824000.0,70,123878.29234766611,45.0,6910840.0,3031605.0,375550050472.6463,1.4215348640686227,75114922113.02927,0.0005291041168054212,0.07954545454545454,0.07223113964686999,0.04240471506285433,0.03606526103935638,0.022690123338780947
TENNESSEE,2016,1323000.0,35,132272.89882004363,7.0,6910840.0,3031605.0,400999181427.3384,0.1914383779685248,80200497793.16768,7.125455481815678e-05,0.03977272727272727,0.011235955056179775,0.04527826852230084,0.022690123338780947,0.034879887057935516
TENNESSEE,2017,9514000.0,79,140936.66505539665,14.0,6910840.0,3031605.0,427264298465.26575,1.376677798936164,85457616710.25316,0.0005124080382010156,0.08977272727272727,0.02247191011235955,0.04824395792291231,0.034879887057935516,0.039858925660221055
TENNESSEE,2018,16197000.0,106,150147.5492521716,0.0,6910840.0,3031605.0,455188061050.62964,2.343709303065908,91045710731.32593,0.000872343177921153,0.12045454545454545,0.0,0.05139693099381167,0.039858925660221055,0.04618610206434282
TENNESSEE,2019,64126000.0,75,162462.3252419564,69.0,6910840.0,3031605.0,492521597515.14124,9.279045673174318,98536382524.92825,0.0034537185051164944,0.08522727272727272,0.11075441412520064,0.055612395681072055,0.04618610206434282,0.10594237360197106
TENNESSEE,2020,1607883000.0,75,176664.6864857412,225.0,6910840.0,3031605.0,535577546873.60547,232.6610079237835,107919450912.2211,0.08659787404737898,0.08522727272727272,0.3611556982343499,0.060473998713766484,0.10594237360197106,0.060182761053136406
TENNESSEE,2021,40905000.0,132,205616.41876024645,51.0,6910840.0,3031605.0,623347763195.657,5.918962094332961,124690005170.63141,0.002203074501010358,0.15,0.08186195826645265,0.07038445142029,0.060182761053136406,0.03896861130335136
TENNESSEE,2022,1095000.0,47,242396.79194835268,21.0,6910840.0,3031605.0,734851326454.5857,0.15844673006465204,146970812802.41714,5.897485829620687e-05,0.053409090909090906,0.033707865168539325,0.08297472220453588,0.03896861130335136,0.06206679215121341
TENNESSEE,2023,176775000.0,77,248407.50923831927,95.0,6910840.0,3031605.0,753073447044.4349,25.57937964125924,150703076933.787,0.009520804178367094,0.0875,0.15248796147672553,0.08503224777398008,0.06206679215121341,0.07787180519237764
TENNESSEE,2025,31065000.0,132,264267.25010968704,125.0,6910840.0,3031605.0,801153916768.7778,4.495112026902663,160246315892.65558,0.001673108651115677,0.15,0.20064205457463885,0.09046118758155829,0.07787180519237764,
TEXAS,2015,258576500.0,473,150186.64272860697,136.0,29145505.0,11589324.0,1740561663054.0703,8.871916955976573,348241620969.0141,0.013926495384684141,0.5375,0.21829855537720708,0.1965331153017955,0.19386038828213303,0.14427317500191658
TEXAS,2016,113898500.0,256,153760.94421383747,145.0,29145505.0,11589324.0,1781985401040.0876,3.907926796945189,356454029523.7176,0.006134381641689971,0.2909090909090909,0.23274478330658105,0.2012104194425477,0.14427317500191658,0.1369211188477576
TEXAS,2017,137713000.0,278,158606.24042902177,53.0,29145505.0,11589324.0,1838139108753.8323,4.7250167735985364,367696678311.6665,0.007416990557575832,0.3159090909090909,0.08507223113964688,0.2075509377631479,0.1369211188477576,0.12970352835619509
TEXAS,2018,134900750.0,263,167049.6276134507,9.0,29145505.0,11589324.0,1935992258491.6267,4.62852676596271,387265902126.8254,0.00726552750255893,0.2988636363636364,0.014446227929373997,0.21859989096502272,0.12970352835619509,0.1867645918257279
TEXAS,2019,2040300500.0,291,176090.53303213502,47.0,29145505.0,11589324.0,2040770240642.1152,70.00395086652298,409174198441.3231,0.10988715330518722,0.3306818181818182,0.0754414125200642,0.23043075205094318,0.1867645918257279,0.21931721800385867
TEXAS,2020,14809000.0,205,188120.43267100936,614.0,29145505.0,11589324.0,2180188645244.513,0.5081057953876592,436045133651.3026,0.000797587832427879,0.23295454545454544,0.985553772070626,0.2461729885763861,0.21931721800385867,0.21716749505341792
TEXAS,2021,13855000.0,224,214219.89055578923,510.0,29145505.0,11589324.0,2482663718895.5815,0.47537347525802004,496539671374.9163,0.0007462069969807727,0.2545454545454545,0.8186195826645265,0.2803265435969403,0.21716749505341792,0.17274720455601703
TEXAS,2022,552879000.0,298,234311.50294698906,7.0,29145505.0,11589324.0,2715511924579.611,18.9696146970176,543378824476.22217,0.029777133041048908,0.3386363636363636,0.011235955056179775,0.30661827702235583,0.17274720455601703,0.13304259574802144
TEXAS,2023,24141500.0,178,225117.56663016265,23.0,29145505.0,11589324.0,2608960417768.543,0.8283095455028142,521804154341.60864,0.0013002205858976055,0.20227272727272727,0.03691813804173355,0.29458716084981196,0.13304259574802144,0.13995129937615663
TEXAS,2025,17764700.0,209,219803.84015201803,36.0,29145505.0,11589324.0,2547377919965.9463,0.6095176597557668,509484466388.5893,0.0009567768631731745,0.2375,0.05778491171749599,0.28763365819712583,0.13995129937615663,
UTAH,2015,420000.0,5,225995.46043130456,0.0,3271616.0,1151414.0,260214337077.0501,0.12837692443122908,52043077416.41003,2.2620493593065648e-05,0.005681818181818182,0.0,0.029381742340693788,0.009959934536008998,0.011098849080787057
UTAH,2016,5800000.0,8,230627.90339158435,1.0,3271616.0,1151414.0,265548196755.7177,1.772824194526497,53112539352.843544,0.00031237824485662086,0.00909090909090909,0.0016051364365971107,0.029984007736676265,0.011098849080787057,0.013903440994792318
UTAH,2017,14249000.0,14,246444.1196096824,5.0,3271616.0,1151414.0,283759209536.2629,4.355339991001389,56758966410.55258,0.0007674271743037914,0.015909090909090907,0.008025682182985553,0.03204027908318022,0.013903440994792318,0.01683416853455674
UTAH,2018,52850000.0,20,269416.9328159986,4.0,3271616.0,1151414.0,310210428281.4002,16.154096324262994,62068510660.680046,0.0028464121104607608,0.022727272727272728,0.006420545746388443,0.03502698190093015,0.01683416853455674,0.012888342834890935
UTAH,2019,0.0,6,291366.4275728795,1.0,3271616.0,1151414.0,335483383837.3995,0.0,67096676768.7799,0.0,0.006818181818181818,0.0016051364365971107,0.03788064275864953,0.012888342834890935,0.02559301571517974
UTAH,2020,0.0,3,317696.1449091114,78.0,3271616.0,1151414.0,365799788994.3796,0.0,73159957807.27591,0.0,0.003409090909090909,0.12520064205457465,0.041303777759680305,0.02559301571517974,0.022083815655359388
UTAH,2021,4558000.0,24,390916.8250714351,8.0,3271616.0,1151414.0,450107105222.80133,1.3931952894227195,90023700050.16028,0.000245486213802841,0.02727272727272727,0.012841091492776886,0.05082322188671703,0.022083815655359388,0.018615866524271222
UTAH,2022,250.0,2,465637.793296703,0.0,3271616.0,1151414.0,536141874130.93,7.64148359709697e-05,107228374951.586,1.3464579519681932e-08,0.0022727272727272726,0.0,0.0605377189463132,0.018615866524271222,0.024874176403608412
UTAH,2023,3090000.0,28,452307.7556088296,5.0,3271616.0,1151414.0,520793482116.58496,0.9444873726011854,104160241429.417,0.0001664222028632687,0.031818181818181815,0.008025682182985553,0.0588046764684273,0.024874176403608412,0.023785349869760157
UTAH,2025,47055000.0,17,468320.19532858714,4.0,3271616.0,1151414.0,539230429384.0698,14.382800426455917,107869613380.61397,0.0025343031571945333,0.019318181818181818,0.006420545746388443,0.06088645889535713,0.023785349869760157,
VERMONT,2015,542500.0,6,217053.7952644985,12.0,643077.0,334318.0,72564990725.23662,0.8436003775597635,14513269397.447325,2.9218137557709795e-05,0.006818181818181818,0.019261637239165328,0.008193575666864277,0.005759560042635264,0.00430934668000125
VERMONT,2016,137000.0,8,219715.29463953862,0.0,643077.0,334318.0,73454777873.30127,0.2130382520289172,14691024076.260256,7.378589576785699e-06,0.00909090909090909,0.0,0.008294044753295727,0.00430934668000125,0.00622274458356672
VERMONT,2017,201000.0,11,229128.81444264465,7.0,643077.0,334318.0,76601886986.83607,0.31255977122490775,15320477900.267216,1.0825521933824274e-05,0.0125,0.011235955056179775,0.00864939623058404,0.00622274458356672,0.005800195585717139
VERMONT,2018,200000.0,3,238978.52805143,15.0,643077.0,334318.0,79894823541.09798,0.3110047474874704,15979064710.319597,1.0771663615745545e-05,0.003409090909090909,0.024077046548956663,0.009021213611856644,0.005800195585717139,0.008087139682990284
VERMONT,2019,1511000.0,19,244891.25458659063,6.0,643077.0,334318.0,81871554450.8798,2.349640867267839,16375066394.575962,8.13799186169576e-05,0.02159090909090909,0.009630818619582664,0.009244413451344724,0.008087139682990284,0.009389905547875063
VERMONT,2020,10000.0,3,258671.4428511858,36.0,643077.0,334318.0,86478519431.12273,0.01555023737437352,17295708890.424545,5.385831807872773e-07,0.003409090909090909,0.05778491171749599,0.009764602536783226,0.009389905547875063,0.00801250659238171
VERMONT,2021,515000.0,9,299145.5839187508,16.0,643077.0,334318.0,100009753324.54893,0.8008372247802362,20002208168.309788,2.773703381054478e-05,0.010227272727272727,0.025682182985553772,0.011292463116158566,0.00801250659238171,0.005213028082815124
VERMONT,2022,35000.0,6,339844.06561876624,0.0,643077.0,334318.0,113615988329.5347,0.05442583081030732,22723215167.10694,1.8850411327554705e-06,0.006818181818181818,0.0,0.012828792342418863,0.005213028082815124,0.019368361907516566
VERMONT,2023,3537000.0,41,356298.2366809058,37.0,643077.0,334318.0,119116913890.68707,5.500118959315914,23825151290.03742,0.00019049687104446,0.04659090909090909,0.0593900481540931,0.013449921751692177,0.019368361907516566,0.004524911008339594
VERMONT,2025,50000.0,2,359328.05750484404,0.0,643077.0,334318.0,120129837528.90445,0.0777511868718676,24025992506.180893,2.6929159039363863e-06,0.0022727272727272726,0.0,0.013564294624775219,0.004524911008339594,
VIRGIN ISLANDS,2017,0.0,1,,0.0,,,,,,0.0,0.0011363636363636363,0.0,,,
VIRGIN ISLANDS,2018,0.0,1,,0.0,,,,,,0.0,0.0011363636363636363,0.0,,,
VIRGIN ISLANDS,2019,0.0,1,,0.0,,,,,,0.0,0.0011363636363636363,0.0,,,
VIRGIN ISLANDS,2020,0.0,1,,0.0,,,,,,0.0,0.0011363636363636363,0.0,,,
VIRGIN ISLANDS,2021,0.0,1,,0.0,,,,,,0.0,0.0011363636363636363,0.0,,,
VIRGINIA,2015,1604500.0,75,192653.4441847373,0.0,8631393.0,3618247.0,697067746461.0933,0.18589119971712562,139414351557.21866,8.641567135731865e-05,0.08522727272727272,0.0,0.07870844147401229,0.04069255325620116,0.059588971930519874
VIRGINIA,2016,85077000.0,121,194473.31478435962,40.0,8631393.0,3618247.0,703652487798.5648,9.856694046951633,140773036087.913,0.004582104127183919,0.1375,0.06420545746388442,0.07945194844419287,0.059588971930519874,0.05294198816263937
VIRGINIA,2017,10915000.0,124,200098.42072433655,0.0,8631393.0,3618247.0,724005510490.5686,1.2645699251557656,144806559622.91373,0.0005878635418293132,0.1409090909090909,0.0,0.0817500818802982,0.05294198816263937,0.25840364082255524
VIRGINIA,2018,27388150.0,880,207154.5110813242,202.0,8631393.0,3618247.0,749536188256.468,3.1730857348286654,149920931922.49362,0.001475079694287907,1.0,0.32423756019261635,0.0846328430852614,0.25840364082255524,0.059494232456017454
VIRGINIA,2019,2219000.0,146,214291.6062891188,0.0,8631393.0,3618247.0,775359961580.7852,0.25708480658915656,155073101845.35706,0.00011951160781669684,0.16590909090909092,0.0,0.08754869877024196,0.059494232456017454,0.17140983580480595
VIRGINIA,2020,29829800.0,434,227055.98594406224,276.0,8631393.0,3618247.0,821544639974.1454,3.4559659141925296,164323843009.22906,0.0016065828566248325,0.49318181818181817,0.44301765650080255,0.0927635779190404,0.17140983580480595,0.08766077374709107
VIRGINIA,2021,1199000.0,223,256971.48867766178,34.0,8631393.0,3618247.0,929786317993.4836,0.1389115291123924,185957863146.69675,6.457612337639455e-05,0.2534090909090909,0.05457463884430177,0.10498553743830713,0.08766077374709107,0.06991982880608794
VIRGINIA,2022,2457500.0,133,284128.8991840609,30.0,8631393.0,3618247.0,1028048537086.0309,0.28471649941092936,205610936196.80618,0.0001323568166784734,0.15113636363636362,0.048154093097913325,0.11608068014117498,0.06991982880608794,0.05086755739838904
VIRGINIA,2023,20102500.0,63,294671.05088973115,0.0,8631393.0,3618247.0,1066192645868.6171,2.3289983436045607,213248580436.32343,0.0010826868391776241,0.0715909090909091,0.0,0.12038766948178724,0.05086755739838904,0.06819961116838605
VIRGINIA,2025,165000.0,103,318268.1472804377,36.0,8631393.0,3618247.0,1151572769093.002,0.01911626547418244,230314636342.8004,8.886622482990076e-06,0.11704545454545455,0.05778491171749599,0.13002824812850783,0.06819961116838605,
WASHINGTON,2015,6232500.0,91,212864.6547843328,47.0,7705281.0,3202241.0,681643925001.2366,0.8088608319411064,136331901273.14731,0.00033567196742567056,0.10340909090909091,0.0754414125200642,0.07696688198450505,0.05145029281614638,0.03930342687953934
WASHINGTON,2016,325000.0,42,229878.07836077744,30.0,7705281.0,3202241.0,736125007528.0942,0.042178864080362546,147225164017.01886,1.7503953375586513e-05,0.04772727272727273,0.048154093097913325,0.08311853814314409,0.03930342687953934,0.04907166916300817
WASHINGTON,2017,35037000.0,80,251175.8271704686,18.0,7705281.0,3202241.0,804325531974.1886,4.547141110103577,160882624912.63773,0.0018870338905243834,0.09090909090909091,0.028892455858747994,0.09081930613035144,0.04907166916300817,0.04615687342210506
WASHINGTON,2018,139437760.0,50,275304.67540996464,12.0,7705281.0,3202241.0,881591919089.4806,18.09638869756989,176388102709.09613,0.007509883230265298,0.056818181818181816,0.019261637239165328,0.09954373347482014,0.04615687342210506,0.03742492410340191
WASHINGTON,2019,491800.0,18,295366.7286849226,8.0,7705281.0,3202241.0,945835448630.7354,0.06382635493760708,189167335630.5471,2.6487520831118297e-05,0.020454545454545454,0.012841091492776886,0.10679770284960896,0.03742492410340191,0.07133455916398757
WASHINGTON,2020,275046000.0,37,324230.0983837515,136.0,7705281.0,3202241.0,1038262914478.4829,35.69577799953045,207790105916.6966,0.014813514954281747,0.042045454545454546,0.21829855537720708,0.11723402245154417,0.07133455916398757,0.06133831571235049
WASHINGTON,2021,76812600.0,49,389840.11393540027,39.0,7705281.0,3202241.0,1248361996288.61,9.968825277105404,249710805571.42206,0.004136997443254082,0.05568181818181818,0.06260032102728733,0.1409570699865216,0.06133831571235049,0.07176806892776928
WASHINGTON,2022,348476000.0,42,443743.87138453394,41.0,7705281.0,3202241.0,1420974818446.2812,45.22560565928744,284369201701.7563,0.018768331250802725,0.04772727272727273,0.06581059390048154,0.16044740830648496,0.07176806892776928,0.0643415363801403
WASHINGTON,2023,186012650.0,46,436158.7454672433,16.0,7705281.0,3202241.0,1396685417243.7708,24.14093009716323,279430089784.55414,0.010018328470367054,0.05227272727272727,0.025682182985553772,0.15770480412964216,0.0643415363801403,0.07932569036858142
WASHINGTON,2025,543994500.0,68,452665.09414941707,19.0,7705281.0,3202241.0,1449542723754.1235,70.60021561835318,290180542016.3247,0.02929862881407845,0.07727272727272727,0.030497592295345103,0.16367311386290026,0.07932569036858142,
WEST VIRGINIA,2015,9239000.0,63,104321.71364136858,67.0,1793716.0,855635.0,89261309451.53241,5.150759652029642,17856881409.606483,0.0004975970007293655,0.0715909090909091,0.10754414125200643,0.010078817427040103,0.02829527997178624,0.016381335076700095
WEST VIRGINIA,2016,86650000.0,38,103126.26602145977,18.0,1793716.0,855635.0,88238442627.27173,48.307535864094426,17691013534.854347,0.004666823261521758,0.04318181818181818,0.028892455858747994,0.009963321832843186,0.016381335076700095,0.014499544361122316
WEST VIRGINIA,2017,883000.0,42,103813.08926240892,12.0,1793716.0,855635.0,88826112631.04126,0.49227413927288377,17765664035.80825,4.755689486351658e-05,0.04772727272727273,0.019261637239165328,0.010029677779352767,0.014499544361122316,0.06626848157773074
WEST VIRGINIA,2018,585000.0,258,107823.24409150644,28.0,1793716.0,855635.0,92257341458.23611,0.32613858604149154,18451760846.047226,3.1507116076055724e-05,0.29318181818181815,0.0449438202247191,0.0104171102415493,0.06626848157773074,0.021153028777484015
WEST VIRGINIA,2019,716000.0,76,105655.66450890021,5.0,1793716.0,855635.0,90402684502.07283,0.3991713292405264,18080894916.114567,3.856255574436906e-05,0.08636363636363636,0.008025682182985553,0.01020769421386813,0.021153028777484015,0.030193905297035323
WEST VIRGINIA,2020,156500.0,41,110953.19622906546,110.0,1793716.0,855635.0,94935438055.45642,0.08724904053930499,18987165880.291286,8.42882677932089e-06,0.04659090909090909,0.17656500802568217,0.010719503818578517,0.030193905297035323,0.02974398953162106
WEST VIRGINIA,2021,754060.0,106,128025.48152524506,12.0,1793716.0,855635.0,109543082884.85306,0.42038984989820016,21908993629.370613,4.0612403330445434e-05,0.12045454545454545,0.019261637239165328,0.012368905851544185,0.02974398953162106,0.024187351515065833
WEST VIRGINIA,2022,1001950.0,87,140492.4182371144,2.0,1793716.0,855635.0,120210230278.31339,0.5585889851013204,24042547048.262676,5.396334179898125e-05,0.09886363636363636,0.0032102728731942215,0.013573372060998472,0.024187351515065833,0.01641952334110614
WEST VIRGINIA,2023,223250.0,54,142906.69013956326,0.0,1793716.0,855635.0,122275965817.56522,0.1244622894594239,24455304799.313046,1.2023869511075966e-05,0.06136363636363636,0.0,0.013806621735248126,0.01641952334110614,0.07148330288043488
WEST VIRGINIA,2025,10108550.0,284,154323.35724100505,14.0,1793716.0,855635.0,132044465772.90736,5.635535391332853,26413947487.781475,0.0005444295012147232,0.32272727272727275,0.02247191011235955,0.014909618410861566,0.07148330288043488,
WISCONSIN,2015,1092100.0,38,144946.66261907734,0.0,5893718.0,2727726.0,395374780239.28534,0.18529899123100224,79075502105.45708,5.8818669173778555e-05,0.04318181818181818,0.0,0.04464319703321861,0.02205285021399873,0.03623807712527153
WISCONSIN,2016,3558500.0,84,151740.9595783619,19.0,5893718.0,2727726.0,413907760706.84674,0.6037784637812668,82783331410.06935,0.00019165482488315262,0.09545454545454546,0.030497592295345103,0.04673582291624889,0.03623807712527153,0.041613615334353475
WISCONSIN,2017,58120000.0,105,159441.0657922368,11.0,5893718.0,2727726.0,434911540629.1949,9.86134728536384,87011368147.939,0.0031302454467356557,0.11931818181818182,0.01765650080256822,0.04910743570588676,0.041613615334353475,0.06758130050350078
WISCONSIN,2018,69361000.0,208,168876.24165633362,20.0,5893718.0,2727726.0,460648115148.2643,11.768632296285638,92164303573.25287,0.003735666800258634,0.23636363636363636,0.03210272873194221,0.05201344545825276,0.06758130050350078,0.06831740880976836
WISCONSIN,2019,8945000.0,213,178630.72109265925,20.0,5893718.0,2727726.0,487255662323.19507,1.5177176783823048,97455605009.23903,0.0004817626552142195,0.24204545454545454,0.03210272873194221,0.0550177998846585,0.06831740880976836,0.06127643924109934
WISCONSIN,2020,909500.0,72,190541.5336431306,170.0,5893718.0,2727726.0,519745095398.24207,0.15431685058565747,103949473861.04842,4.898414029260287e-05,0.08181818181818182,0.27287319422150885,0.05868629933065016,0.06127643924109934,0.03575553016302522
WISCONSIN,2021,3300000.0,69,216480.3792858796,0.0,5893718.0,2727726.0,590499159067.9552,0.5599182044339414,118101481827.39105,0.0001777324496598015,0.07840909090909091,0.0,0.06667539667114372,0.03575553016302522,0.03501317194053261
WISCONSIN,2022,6851000.0,56,239594.06780584008,0.0,5893718.0,2727726.0,653546968199.7529,1.1624241268414945,130712819151.15059,0.0003689833371573637,0.06363636363636363,0.0,0.0737943529279898,0.03501317194053261,0.04191878200558916
WISCONSIN,2023,5846000.0,81,253073.0006006267,0.0,5893718.0,2727726.0,690313803636.3451,0.9919035827638852,138065683743.46902,0.0003148557274882423,0.09204545454545454,0.0,0.07794582935167652,0.04191878200558916,0.04338500794536233
WISCONSIN,2025,11430000.0,75,277186.01089383033,3.0,5893718.0,2727726.0,756087488751.3843,1.9393530535393788,151223212765.57684,0.0006156005756398579,0.08522727272727272,0.004815409309791332,0.08537257412890904,0.04338500794536233,
WYOMING,2015,5316000.0,27,226480.5396245671,5.0,576851.0,271887.0,61577114476.90468,9.215551329546104,12318080901.280935,0.0002863108189065166,0.03068181818181818,0.008025682182985553,0.006952894801903622,0.009139324622795885,0.010469299748393092
WYOMING,2016,2711000.0,35,231850.24827829754,2.0,576851.0,271887.0,63037068453.64149,4.699653810082673,12608769197.928299,0.00014600990031143088,0.03977272727272727,0.0032102728731942215,0.007117743488012146,0.010469299748393092,0.011953453154650084
WYOMING,2017,2859000.0,40,234409.88628011892,4.0,576851.0,271887.0,63733000751.042694,4.95621919698501,12748029658.60854,0.00015398093138708257,0.045454545454545456,0.006420545746388443,0.0071963237218243764,0.011953453154650084,0.0134319662514765
WYOMING,2018,10080000.0,47,240171.8155067832,2.0,576851.0,271887.0,65299594402.692764,17.474183107942952,13064958890.138554,0.0005428918462335755,0.053409090909090906,0.0032102728731942215,0.007373213479484884,0.0134319662514765,0.011384209006757219
WYOMING,2019,157000.0,40,248635.89990034275,0.0,576851.0,271887.0,67600868916.20449,0.27216733610585747,13520252291.240898,8.455755938360253e-06,0.045454545454545456,0.0,0.007633058711575942,0.011384209006757219,0.014231638788468608
WYOMING,2020,0.0,16,261574.30402423695,51.0,576851.0,271887.0,71118652798.23772,0.0,14223730567.947544,0.0,0.01818181818181818,0.08186195826645265,0.008030264418199021,0.014231638788468608,0.003725869618268693
WYOMING,2021,2000000.0,4,301163.4200343873,0.0,576851.0,271887.0,81882418782.88947,3.467099823004554,16377483757.377893,0.00010771663615745546,0.004545454545454545,0.0,0.009245640182382673,0.003725869618268693,0.006274825143708234
WYOMING,2022,25000000.0,11,351386.4114638671,0.0,576851.0,271887.0,95537397253.67644,43.338747787556926,19119979452.935287,0.0013464579519681932,0.0125,0.0,0.010787473209736524,0.006274825143708234,0.010844918534011245
WYOMING,2023,200000.0,32,369967.12926821876,1.0,576851.0,271887.0,100589252875.34819,0.3467099823004554,20117950581.569637,1.0771663615745545e-05,0.03636363636363636,0.0016051364365971107,0.01135789650725988,0.010844918534011245,0.007476710675543889
WYOMING,2025,1000.0,16,399548.5802419265,1.0,576851.0,271887.0,108632064836.23666,0.0017335499115022771,21726413470.547333,5.385831807872773e-08,0.01818181818181818,0.0016051364365971107,0.012266039507311036,0.007476710675543889,
